No.,대분류,중분류,소분류,데이터명(데이터 기준단위),주요 데이터내용(해당 시스템에서 추출),데이터 내용(해당 시스템에서 추출),기관명,시스템명
1,근로조건,근로기준,근로감독?신고사건,신고사건(진정 및 고소고발),"사건구분, 사건요지, 사업장명(공사장명), 범죄사실내용, 체불확정금액(임금), 체불확정금액(퇴직금), 체불확정금액(해고예고수당), 체불확정금액합계, 청산금액합계, 체불확정인원수, 청산인원수합계, 체불확정일자, 종결일자, 죄명, 범죄인지일, 송치일자 ","등록일련번호, 사건구분, 지방관서, 접수번호, 민원신청유형코드, 감독관ID, 감독관성명, 접수일자, 처리기한일자, 사건요지, 원처리기한일자, 진정/고소.고발인수, 피진정/고소.고발피의자수, 접수사건내용구분, 사업장일련번호, 사업장명(공사장명), 사업장업종코드, 사업장업종중분류명, 대상근로자수, 직상수급인, 직상수급인전화, 직상수급인주소, 사건번호, 범죄사실내용, 단기계약근로자수, 단시간근로자수, 특수고용형태근로자수, 체불확정금액(임금), 지도청산확정금액, 체불확정금액(퇴직금), 지도청산확정금액(퇴직금,, 기타,해고예고수당), 체불확정금액(해고예고수당), 지도청산확정금액합계, 체불확정금액합계, 청산금액합계, 체불확정인원수, 청산인원수합계, 사업장가동여부, 종결처리구분, 체불확정일자, 종결일자, 청산일자(일부), 죄명, 검찰처분결과, 발각원인, 청산일자(전액), 범죄인지일, 송치일자, 송치구분, 과태료부과금액, 조치일자, 조치구분, 진행구분, 미청산사건청산구분, 청산확정여부, 청산일자(미청산목록), 업종구분, 무료법율신청여부, 체당금청산확정여부, 체당금청산일자, 체당금청산금액(임금, 퇴직금, 기타, 휴업수당), 체당금청산금액합계, 무료법률청산확정여부, 무료법률청산일자, 무료법률청산금액(임금, 퇴직금, 기타, 휴업수당), 무료법률청산금액합계, 기타청산확정여부, 기타청산일자, 기타청산금액(임금, 퇴직금, 기타, 휴업수당), 기타청산금액합계, 직상사업장관리번호, 종결상태구분, 사건송치번호, 인지경위, 진정고소고발구분, 병합대표여부, 부서ID, 원사건민원등록번호, 원사건사건구분, 원사건피의자번호, 지연일수, 체불사유, 전단계병합처리번호, 전단계대표여부, 주소, 원사건병행상세주소, 건설현장체불, 공사유형, 사업주유형, 병합처리번호, 병행상세주소",고용노동부(근로감독기획과),근로감독행정 정보시스템(노사누리)
2,근로조건,근로기준,근로감독?신고사건,"지도감독(근로감독, 근로조건자율개선)","기준년도, 사업종류코드, 지도감독, 순번, 접수일련번호, 조치구분, 조치순번, 조치일자, 지도감독구분, 지도감독일자","기준년도, 사업종류코드, 지도감독, 순번, 접수일련번호, 조치구분, 조치순번, 조치일자, 지도감독구분, 지도감독일자, 지방관서, 감독관ID, 감독관명, 구분, 대상근로자수, 점검구분, 선정사유, 변경사유, 변경전사업장관리번호, 사업구분, 부서ID, 근로조건자율개선지원사업연계여부, 수탁사업자, 서비스, 수행자, 서비스, 수행자, 성명, 서비스, 수행자, 생년월일, 대상사업장구분, 도입여부, 서비스, 월, 서비스, 일자, 점검분류(일반점검_집중점검)",고용노동부(근로감독기획과),근로감독행정 정보시스템(노사누리)
3,근로조건,근로기준,"근로기준인허가,신고심사","근로시간연장, 취직인허, 최저임금적용제외","민원종류, 민원구분, 사업장일련번호, 근로자수, 신청인원, 인가인원, 인허가및승인일자, 인가취소사유","민원번호, 접수번호, 접수일자, 민원종류, 민원구분, 처리기한일자, 지방관서, 감독관ID, 감독관성명, 담당자전화번호, 사업장일련번호, 근로자수, 근로자수-여, 신청인원, 인가인원, 인가년도, 인허가및승인일자, 인허가및승인번호, 승인기간-FROM, 승인기간-TO, 조치일자, 조치구분, 진행상태, 처리결과, 인가취소일, 인가취소사유, 원처리일자, 부서코드, 종결일자
",고용노동부(근로감독기획과),근로감독행정 정보시스템(노사누리)
4,근로조건,근로기준,"근로기준인허가,신고심사",근로자파견 인허가,"접수일자, 민원신청유형코드, 사업장일련번호, 허가번호, 관리지사, 폐지일자","민원번호, 접수번호, 신청구분, 서식번호, 접수일자, 민원신청유형코드, 사업장일련번호, 허가번호, 감독관번호, 감독관명, 감독관, 전화번호, 관리자사, 관리지사명, 부서코드, 부서명, 처리기한, 폐지일자, 신청사유, 진행상태, 종결상태, 종결일자",고용노동부(근로감독기획과),근로감독행정 정보시스템(노사누리)
5,근로조건,근로기준,"근로기준인허가,신고심사",취업규칙,"신고구분, 신고일자, 접수일자, 사업장일련번호, 업종코드, 업종명, 근로자수, 의견청취일또는동의일자","민원번호, 접수번호, 신고구분, 민원구분, 신고일자, 접수일자, 처리기한일자, 사업장일련번호, 업종코드, 업종명, 노동조합순번, 근로자수_전체, 근로자수-여, 의견청취일또는동의일자, 신청인원, 인가인원, 인가년도, 인허가및승인일자, 인허가및승인번호, 승인기간-FROM, 승인기간-TO, 인가취소일, 인가취소사유, 지방관서, 감독관ID, 감독관명, 담당자전화번호, 부서코드, 진행구분, 보고기한일자, 조치일자, 조치구분, 진행상태, 처리결과",고용노동부(근로감독기획과),근로감독행정 정보시스템(노사누리)
6,근로조건,근로기준,임금채권,도산 인정,"사업장명, 지방관서, 신청인_퇴직일자, 사업개시일자, 사업정지일자, 사업주행불여부, 재판상도산의신청, 재판상도산의신청일자, 도산신청일자, 체불근로자수, 체불금액계, 인정구분, 결정일","도산순번, 등록일련번호, 접수번호, 사업장일련번호, 사업장명, 지방관서, 신청인_퇴직일자, 사업개시일자, 사업정지일자, 사업주행불여부, 재판상도산의신청, 재판상도산의신청일자, 도산신청일자, 체불사항_체불근로자수,, 체불금액계,체불임금, 체불퇴직금, 체불기타, 인정구분, 결정일, 도산인정신청인통보일자, 공단/관서통보일자, 취소일자, 취소사유, 업종코드, 대표자명, 근로자수, 대표자주민번호, 도산복명서결재일자, 도산복명서결재구분, 도산등사실인정결과통지/취소제외결재일자, 도산등사실인정통지/취소결재일자, 민원처리기간연장결재일자, 업무구분, 신청인_입사일자, 신청인_임금지급일자, 적격구분, 부적격사유, 확인불가사유, 만나이, 체당금_계, 확인접수일자, 확인결과통보일자, 도산신청일자, 도산결정일자, 도산등사실인정/재판상도산구분, 체불사건요청번호, 체불사건사건구분, 도산신청처리번호, 재판상도산구분, 공단지급일자, 공단지급액, 공단지급관서, 공인노무사선임여부, 공인노무사명, 공인노무사등록번호, 1차_2차_3차신청일, 공인노무사대상여, JOB여부, 상담일자, 노무사선임구분, 외국인, 등록번호, 조력지원조건구분, 조선업종, 현장별, 사업가동기간, 합산여부, 지사주소, 본사주소, 본사_전화번호, 지사도산여부, 직상사업장도산순번, 상시근로자수구분, 체불사항_체불휴업수당, 체불사항_체불출산휴가급여",고용노동부(근로감독기획과),근로감독행정 정보시스템(노사누리)
7,근로조건,근로기준,임금채권,대지급금 지급,"도산사업장정보, 사업장주소, 본지사여부, 상시근로자수, 사업주정보, 대지급금 종류, 청구인정보, 소송 및 진정여부, 체불금품확인번호, 입사일자, 퇴직일자, 체불금액정보, 지급액","도산사업장 정보, 사업장 주소, 본지사여부, 접수노동관서, 상시근로자수, 사업주 정보, 대지급금 종류, 청구인정보, 소송 및 진정여부, 체불금품확인번호, 입사일자, 퇴직일자, 체불금액정보, 지급액, 지급계좌정보",근로복지공단,노동보험시스템
8,근로조건,근로기준,협약임금,임금정보,"직업분류코드, 표준산업분류코드, 기업규모코드, 연령구분코드, 학력구분코드, 성별구분코드, 기업평균연봉금액, 하위평균소득금액, 중위평균소득금액, 상위평균소득금액, 근속기간코드, 회사직급코드, 관련직군코드, 검색직급코드, 경력년수코드, 조사표본근로자인원수, 추정근로자인원수","직업분류코드, 표준산업분류코드, 기업규모코드, 연령구분코드, 학력구분코드, 성별구분코드, 기업평균연봉금액, 하위평균소득금액, 중위평균소득금액, 상위평균소득금액, 근속기간코드, 회사직급코드, 관련직군코드, 검색직급코드, 경력년수코드, 조사표본근로자인원수, 추정근로자인원수",한국고용정보원,임금직업포털
9,근로조건,근로복지,사내근로복지기금,사내근로복지기금,"민원번호, 사업장명-신청인명, 접수번호, 접수일자, 조치일자, 조치구분, 처리결과","민원번호, 민원서식구분, 사업장명-신청인명, 접수번호, 접수일자, 처리기한일자, 지방관서, 부서코드, 감독관ID, 감독관성명, 담당자전화번호, 조치일자, 조치구분, 진행상태, 처리결과",고용노동부(근로감독기획과),근로감독행정 정보시스템(노사누리)
10,근로조건,근로복지,퇴직연금,퇴직연금규약,"사업자등록번호, 사업장명, 근로자수, 업종명, 퇴직연금소급기간구분, 퇴직금중간정산구분, 임금체계구분, 퇴직금폐지여부, 종전퇴직금제구분, 규약구분, 평균재직기간, 폐지사유, 확정급여형여부, 확정기여형여부, 혼합형여부, 제도폐지일","민원번호, 접수번호, 접수일자, 처리기한일자, 신고구분, 진행구분, 사업자등록번호, 사업장일련번호, 사업장명, 근로자수-전체, 신고일자, 의견청취일또는동의일자, 보고기한일자, 업종코드, 업종명, 노동조합원수, 사용자ID, 퇴직연금소급기간구분, 퇴직금중간정산구분, 임금체계구분, 퇴직금폐지여부, 퇴직연금도입제안자구분, 종전퇴직금제구분, 퇴직연금도입사유구분, 규약구분, 평균재직기간, 폐지사유, 지방관서, 감독관ID, 감독관명, 부서코드, 최종정보여부, 확정급여형여부, 확정기여형여부, 혼합형여부, 퇴직금제도여부, 폐지에대한근로자대표동의여부, 폐지에대한근로자대표기타의견, 제도폐지기타사유, 제도폐지일, 폐지일기준적립금, 미납부담금액(확정기여형,혼합형의경우), 미납부담금처리방안, 도입적용일, 은행명, 민원인휴대폰, 퇴직연금, 상세화면, 버전",고용노동부(근로감독기획과),근로감독행정 정보시스템(노사누리)
11,근로조건,근로복지,생활안정자금,근로자 생활안정자금 융자,"대부종류, 근로자 신상정보, 대부신청액, 사유발생일자, 입사일자, 대부결정액","대부종류, 주민등록번호, 성명, 주소, 전화번호, 대부신청액, 사유발생일자, 입사일자, 신청인, 담보구분, 희망은행, 대부결정액, 선정구분, 사업장명, 사업자등록번호, 재직개월수, 월평균임금, 산재관리번호, 고용관리번호, 요양대상, 선발일자, 선발순위, 선발총점수",근로복지공단,근로복지서비스
12,근로조건,근로복지,퇴직연금,중소기업퇴직연금기금(공단) 가입현황,"사업장명, 기금계약명, 사업자등록번호, 상시근로자수, 대표자성명, 기금계약명, 주민등록번호, 가입자명, 제도적용일자, 휴대전화, 이메일, 계약상태, 계약형태, 납입방법, 이체방법, 월납입금액, 납입주기","(사용자)사업장명, 기금계약명, 사업자등록번호, 상시근로자수, 대표자성명, 대표자주민번호, 대표자휴대전화, 대표자이메일, 법인등록번호, 전화번호, 팩스번호, 공동주택관리여부, 주소, 우편물수령지,  기금계약번호, 기금계약명, 제도적용일, 기금개시일자, 계정구분, 계약형태, 계약상태, 계약진행상태, 가입자수, 납입주기, 납입일, 납입방법, 부담금부담수준구분, 부담금부담수준, 부담금차기납입일 
(가입자) 기금계약명, 주민등록번호, 가입자명, 제도적용일자, 휴대전화, 이메일, 계약상태, 전화번호, 기금개시일자, 계약형태, 납입방법, 이체방법, 월납입금액, 납입주기, 납입일, 자택주소, 우편물수령지, 최초가입일자, 최종중도인출일자",근로복지공단,중소기업퇴직연금기금시스템
13,근로조건,근로복지,퇴직연금,퇴직연금 가입(공단) 현황,"공단 퇴직연금 가입 사업장수, 공단 퇴직연금 가입자수, 공단 퇴직연금 적립금","공단 퇴직연금 가입 사업장수, 공단 퇴직연금 가입자수, 공단 퇴직연금 적립금",근로복지공단,퇴직연금기록관리시스템
14,근로조건,근로복지,건설근로자 퇴직공제,건설근로자 피공제자 정보,"성명, 주민등록번호, 주소, 전화번호(연락처), 적립금액, 적립일수, 국적, 전자카드발급여부, 근로년월, 근로일수, 직종, 근무업체명, 근무공사명, 퇴직여부, 대부금 신청 유무","성명, 주민등록번호, 주소, 전화번호(연락처), 적립금액, 적립일수, 국적, 전자카드발급여부, 근로년월, 근로일수, 직종, 근무업체명, 근무공사명, 퇴직여부, 대부금 신청 유무",건설근로자공제회,건설e음
15,근로조건,근로복지,건설근로자 퇴직공제,퇴직공제 가입사업장 정보,"관리번호, 시공자명, 총공사금액, 소재지주소, 소재지전화번호, 소재지팩스번호, 주공종명, 공종분류, 사업시작일, 사업종료일, 공정율, 공사명, 전자카드 근무관리 현장 유무, 발주처명","관리번호, 시공자명, 총공사금액, 소재지주소, 소재지전화번호, 소재지팩스번호, 주공종명, 공종분류, 사업시작일, 사업종료일, 공정율, 공사명, 전자카드 근무관리 현장 유무, 발주처명",건설근로자공제회,건설e음
16,근로조건,노사관계,노동조합,노동조합(노사관계),"노동조합코드, 노동조합명, 업종코드, 업종명, 업종코드-소분류, 근로자수-남, 근로자수-여, 전체조합원수, 조합원수 여, 설립일자, 총연합단체코드, 연합단체코드, 조직단위, 조직형태","노동조합코드, 노동조합명, 업종코드, 업종명, 업종코드-소분류, 근로자수-남, 근로자수-여, 전체조합원수, 조합원수 여, 주사무소주소, 전화번호, 설립일자, 총연합단체코드, 연합단체코드, 조직단위, 조직형태, 샵제도, 대표자임기, 대의원수, 조합비징수기준, 규약상정기회의개최시기-총회, 규약상정기회의개최시기-대의원회, 단체협약유효기간-시작, 단체협약유효기간-종료, 임금협약유효기간-시작, 단체협약교섭방식, 임금협약유효기간-종료, 임금협약교섭방식, 해산신고접수일자, 해산일자, 전임자수-전임자수총합계, 해산사유, 전임자수-반전임, 전임자수-전임, 전임자월평균급여, 반전임자월평균급여, 임원수, 산하지부수, 임원현황-성명, 임원현황-주민등록번호, 임원현황-학력, 임원현황-선출일자, 임원현황-선출기관, 임원현황-임기만료일자, 임원현황-근속년수, 임원현황-임원재임년수, 노동단체구분, 노동조합단체카드구분, 변경구분, 변경일자, 정상구분, 조직형태(단체카드), 조합구분, 잡실행여부(이력반영), 상급단체(공무원노조), 기관명(공무원노조), 임원현황-주민등록번호(암호화컬럼), 주사무소도로명코드, 주사무소주소병행상세, 단체협약, 체결일, 임금협약, 체결일, 노동부/지자체구분, 이관_노동조합코드, 지방관서, 청사구분, 행정관청코드",고용노동부(근로감독기획과),근로감독행정 정보시스템(노사누리)
17,근로조건,노사관계,노동조합,단체교섭 및 단체협약,"사용자(단체)명, 사용자(단체)업종코드, 사용자(단체)근로자수, 사용자(단체)사업장수, 전체조합원수, 단체협약체결일, 단체협약유효기간-시작, 단체협약유효기간-종료, 사업장일련번호, 임금협약체결일","등록일련번호, 사용자(단체)명, 사용자대표자, 사용자(단체)_주소, 사용자(단체)업종코드, 사용자(단체)근로자수, 사용자(단체)사업장수, 전체조합원수, 단체협약체결일, 단체협약유효기간-시작, 단체협약유효기간-종료, 사업장일련번호, 임금협약체결일, 임금협약유효기간-시작, 임금협약유효기간-종료, 임·단협 구분",고용노동부(근로감독기획과),근로감독행정 정보시스템(노사누리)
18,근로조건,노사관계,노사협의회,노사협의회,"노동조합코드, 업종코드, 노동조합명, 노동조합대표자명, 전체조합원수, 근로자수, 고충처리위원선임여부, 고충처리위원수, 근로자위원수, 사용자위원수, 설치일자, 규정제정일자","노사협의회순번, 민원번호, 접수번호, 사업장일련번호, 사업장명, 노동조합코드, 업종코드, 노동조합명, 노동조합대표자명, 전체조합원수, 조합원수여, 근로자수, 고충처리위원선임여부, 고충처리위원수, 근로자위원수, 사용자위원수, 설치일자, 규정제정일자, 규정조치일자, 지방관서",고용노동부(근로감독기획과),근로감독행정 정보시스템(노사누리)
19,노동관계,심판 및 조정 업무 등,사건부,사건부 정보,"사건번호, 사건유형, 접수일자, 담당조사관, 처리결과, 진행상태, 신청인 성함, 피신청인 사업장명, 피신청인 성함","사건번호, 사건유형, 접수일자, 처리기한, 판정일, 판정문 송부일, 담당조사관, 심판위원, 신청인, 대상근로자, 고용형태, 계약종료일, 처리결과, 진행상태, 사건쟁점특정, 신청방법, 근로자 성함, 근로자 생년월일, 근로자 성별, 근로자 직종, 근로자 근무기간, 근로자 우편변호, 근로자 주소, 근로자 전화번호, 근로자 팩스번호, 근로자 이동전화, 근로자 이메일, 근로자 사건(사유)발생일, 근로자 당시 나이(만), 근로자 평균임금, 사용자 사업자명, 사용자 대표자, 사용자 법인번호, 사용자 업종, 사용자 근로자수, 사용자 우편번호, 사용자 직위, 사용자 주소, 사용자 사업장지역, 사용자 기관특성, 가용자 전화번호, 사용자 팩스번호, 사용자 이동전화, 사용자 이메일, 신청취지, 신청이유, 신청서사본",중앙노동위원회(기획총괄과),조사행정시스템(노사마루)
20,산업안전보건,산업보건,석면안전관리,석면해체제거업자,"석면해체제거업자, 사업장명, 소재지, 대표자, 연락처, 등록번호, 등록일자","석면해체제거업자, 사업장명, 소재지, 대표자, 연락처, 등록번호, 등록일자",고용노동부(안전보건감독기획과),근로감독행정 정보시스템(노사누리)
21,산업안전보건,산업보건,석면안전관리,석면해체제거작업,"건축물/설비, 소재지, 건축물/설비, 용도, 건축물/설비, 건물(설비)명, 건축물/설비, 연면적, 소유자 정보, 제거업자 사업장명, 제거업자 연락처, 작업장 공사현장명, 작업장 해체사유","건축물/설비, 소재지, 건축물/설비, 용도, 건축물/설비, 건물(설비)명, 건축물/설비, 연면적, 소유자 이름, 소유자 주소, 소유자 연락처, 제거업자 등록번호, 제거업자 사업장명, 제거업자 연락처, 작업장 공사현장명, 작업장 연락처, 작업장 해체사유, 작업장 해체기간, 작업장 현장책임자, 작업장 석면함유자재, 종류/면적",고용노동부(안전보건감독기획과),근로감독행정 정보시스템(노사누리)
22,산업안전보건,산업보건,석면안전관리,석면해체제거작업(공단),"등록일련번호, 업무신고번호, 건축물등록번호, 소재지주소, 건물명설비명, 대상건축물여부, 대상설비여부, 용도명, 구조명, 건축물수, 연면적값, 세대건수","등록일련번호, 업무신고번호, 건축물등록번호, 소재지주소, 건물명설비명, 대상건축물여부, 대상설비여부, 용도명, 구조명, 건축물수, 연면적값, 세대건수, 소유자명, 소유자전화번호, 소유자주소, 석면해체등록코드, 공사현장공사명, 공사현장전화번호, 해체사유내용, 해체종료일자 ,해체시작일자, 책임자명,책임자전화번호, 업자등록일련번호, 보고일자, 초과여부, 변경발생일자, 측정기관사업관리번호, 측정기관사업개시번호, 측정기관종류코드, 등록부서코드, 소재지주소, 소재지행정동코드, 소유자행정동코드, 건물주소,  건물후부주소, 건물동코드, 도로명코드, 조사기관관리번호, 조사기관개시번호",한국산업안전보건공단,K2B 시스템
23,산업안전보건,산업보건,직업건강,작업환경측정,"측정관리번호, 측정연도, 측정반기공통코드, 측정상태공통코드, 검진기관코드, 사업장관리번호, 사업장개시번호, 사업장명, 사업장관리고용노동부지청코드, 사업장관리지사코드","측정관리번호, 측정연도, 측정반기공통코드, 측정상태공통코드, 검진기관코드, 사업장관리번호, 사업장개시번호, 사업장명, 사업장관리고용노동부지청코드, 사업장관리지사코드, 측정일련번호, 사업장관리일련번호, 사업장생성번호, 사업장대표자명, 사업장주소, 사업장전화번호, 사업장업종코드, 사업장업태명, 사업장근로자수, 사업장팩스번호, 사업장주요생산품명, 지정한계건수, 집계누적수, 제5인이상누적수, 시작측정일자, 종료측정일자, 측정일자기간값, 측정시간시작시간, 측정시간종료시간, 측정시간값, 측정시간분값, 전회시작측정일자, 전회종료측정일자, 시작작업장소기온값, 종료작업장소기온값, 시작작업장소습도값, 종료작업장소습도값, 측정공정신규변경여부, 측정공정신규변경일자, 측정BF공정결과공통코드, 발암성물질노출초과여부, 화학적인자노출초과여부, 향후측정주기여부, 향후측정예상일자, 측정지원대상공통코드, 측정비용사업장규모공통코드, 측정단가금액, 측정비용집계금액, 도급작업여부",한국산업안전보건공단,K2B 시스템
24,산업안전보건,산업보건,직업건강,특수건강진단 사업장,"특검관리번호, 특검사업연도, 검진기관코드, 사업장관리번호, 사업장개시번호, 사업장명, 사업장관리고용노동부지청코드, 사업장관리지사코드","특검관리번호, 특검사업연도, 검진기관코드, 사업장관리번호, 사업장개시번호, 사업장명, 사업장관리고용노동부지청코드, 사업장관리지사코드, 사업장관리일련번호, 사업장생성번호, 사업장대표자명, 사업장 주소, 사업장전화번호내용, 사업장팩스번호내용, 사업장업종코드, 사업장업태명, 사업장담당자직위명, 사업장담당자명, 사업장주요생산품명, 총근로자남자수, 총근로자여성수, 검진의사명, 사업장규모공통코드, 국고대상여부, 검진집계인원수, 지원인원수, 건강수첩인원수, 건강검진대상남자수, 건강검진대상여성수, 전송파일명, 사업장송부 일자, 유예여부, 비고내용",한국산업안전보건공단,K2B 시스템
25,산업안전보건,산업보건,직업건강,특수건강진단 인적사항,"특검관리번호, 수검자관리번호, 특검사업연도, 측정기관코드, 수검자주민등록번호, 수검자명, 검진일자, 일반검진공단청구여부, 일반검진가입유형공통코드, 특검청구공통코드, 특검수검공통코드, 배치전 수검여부, 수시수검여부, 임시수검공통코드, 건강수첩소지여부","특검관리번호, 특검사업연도, 측정기관코드, 수검자관리번호, 수검자주민등록번호, 수검자명, 제1차검진일자, 일반검진공단청구여부, 일반검진가입유형공통코드, 특검청구공통코드, 특검수검공통코드, 배치이전수검여부, 수시수검여부, 임시수검공통코드, 건강수첩소지공통코드, 전화번호내용, 휴대전화번호내용, 이메일, 직원번호, 직종형태공통코드, 입사일자, 전입일자, 폭로기간명, 일일폭로시간, 공정코드, 업무공정명, 직종코드, 직종명, 부서1명, 부서2명, 수검자우편번호, 수검자1주소, 수검자2주소, 국가공통코드, 가족병력명, 업무기인성명, 흡연음주내용명, 치과특검청구여부, 검사항목결과제공동의여부, 환자비고내용, 남녀구분공통코드, 전송일시, 전송결과공통코드, 전송자아이디, 보고일시, 보고자아이디, 검진보고상태공통코드, 비고내용, 전송파일명, 삭제여부, 진폐여부, 일반검진미실시공통코드, 건설일용직확인공통코드, 외국인등록증미소지여부, 유예여부, 최초입력자아이디, 최초입력부서코드, 최초입력지사코드, 최초입력일시, 최종수정자아이디, 최종수정부서코드, 최종수정지사코드, 최종수정일시, 직종별 건강진단 수검 여부, 안전보건공단 및 근로자건강센터 정보제공 활용 동의, 민감정보 제공 동의, XML파일등록번호, 야간작업대상구분코드, 직종구분공통코드, 특수건강진단실시근거공통코드, 특수건강진단실시근거기타사유내용, 주민등록번호대체번호, MSDS확인여부, 특수건강진단실시계획서여부, 작업환경측정예비조사표여부, 측정제외사업장확인서여부, 기타여부, 건설업교육이수증등록번호, 증빙자료첨부파일경로명, 증빙자료첨부파일명, 증빙자료물리적파일명, 업로드입력구분공통코드",한국산업안전보건공단,K2B 시스템
26,산업안전보건,산업보건,직업건강,기기정보,"감지기일련번호, 사업장아이디, 설치사업장관리번호, 소유사업장관리번호, 감지기상태코드, 공정구분코드, 모델명, 측정물질명, 측정물질단위코드, 알림기준값","감지기일련번호, 사업장아이디, 설치사업장관리번호, 소유사업장관리번호, 감지기상태코드, 감지기비밀번호, 모니터링구분코드, 제조사명, 감지기명, 감지기설명, 공정구분코드, 휴식시간설명, MAC주소명, 업그레이드일시, 펌웨어버전명, 모델명, 측정물질명, 측정물질단위코드, 알림기준값, GPS좌표위도값, GPS좌표경도값, 전화번호, 해상도값, 전원전압값, 감지기종류코드, 감지기기능코드, 장비검수자아이디, 감지기입고일자, 외관정상여부, 기능정상여부, 감지기삭제일자, 최초생성일시, 최초생성아이디, 최종수정일시, 최종수정자아이디",한국산업안전보건공단,작업환경 종합관리 플랫폼
27,산업안전보건,산업보건,직업건강,위험물질감지정보,"위험물질감지일련번호, 감지기일련번호, 처리연월일시분초, 감지기측정물질종류코드, 사업장아이디, 모니터링구분코드, 카스번호, 감지기측정값, 감지기상태코드","위험물질감지일련번호, 감지기일련번호, 처리연월일시분초, 감지기측정물질종류코드, 사업장아이디, 모니터링구분코드, 카스번호, 감지기측정값, 감지기상태코드, GPS좌표위도값, GPS좌표경도값, 전원상태코드, 오디오볼륨값, GPS상태코드, 속도값, 감지기방향값, 감지기통신감도값, 긴급벨상태코드, 전원상태율, 최초생성일시, 최초생성아이디, 최종수정일시, 최종수정자아이디",한국산업안전보건공단,작업환경 종합관리 플랫폼
28,산업안전보건,산업보건,직업건강,음주상담정보,"상담일련번호, 음주량, 점수","지속상담여부, 책제공여부, 의뢰여부, 상담일련번호, 내용, 생성일시, 생성사용자일련번호, 삭제여부, 음주량, 조치사항, 유기용제사용여부, 기타메모, 기타여부, 야근여부, 점수, 지속상담기간",한국산업안전보건공단,근로자건강센터 통합 전산시스템
29,산업안전보건,산업보건,직업건강,금연상담정보,"검사여부, 담배종류, 상담일련번호, 내용, 흡연기간, 금연시작일자, 금연시도횟수 ","검사여부, 책제공여부, 담배종류, 상담일련번호, 내용, 생성일시, 생성사용자일련번호, 일흡연량, 삭제여부, 회차, 처음흡연나이, 연계프로그램타입코드, 연계여부, 조치사항, 니코틴점수, 금연프로그램회차타입코드, 금연시작일자, 금연시도횟수, 기타메모, 기타여부, 처방메모, 처방여부, 흡연상태타입코드, 흡연기간, 흡연타입코드, 흡연유형결과, 지속상담기간, 지속상담여부, 검사결과",한국산업안전보건공단,근로자건강센터 통합 전산시스템
30,산업안전보건,산업보건,직업건강,운동상담정보,"상담일련번호, 고레벨운동시간, 고레벨운동횟수, 저레벨운동시간, 저레벨운동횟수, 조치사항, 중레벨운동시간, 중레벨운동횟수, 점수","점수, 상담일련번호, 내용, 생성일시, 생성사용자일련번호, 삭제여부, 고레벨운동시간, 고레벨운동횟수, 저레벨운동시간, 저레벨운동횟수, 조치사항, 중레벨운동시간, 중레벨운동횟수",한국산업안전보건공단,근로자건강센터 통합 전산시스템
31,산업안전보건,산업보건,직업건강,직업환경상담정보,"상담일련번호, 내용, 노출유해요인타입코드목록, 보호수단장비타입코드목록, 환기장비장비타입코드목록, 특수검사대상자여부","환기장비대상타입코드, 상담1메모, 상담1여부, 상담2메모, 상담2여부, 상담3메모, 상담3여부, 상담4메모, 상담4여부, 상담5메모, 상담5여부, 상담6메모, 상담6여부, 상담7메모, 상담7여부, 상담8메모, 상담8여부, 상담일련번호, 내용, 생성일시, 생성사용자일련번호, 삭제여부, 노출유해요인타입코드목록, 조치사항, 보호수단장비기타메모, 보호수단장비대상타입코드, 보호수단장비타입코드목록, 점수1, 점수2, 특수검사조치여부, 특수검사대상자여부, 환기장비장비타입코드목록, 환기장비기타메모",한국산업안전보건공단,근로자건강센터 통합 전산시스템
32,산업안전보건,산업보건,직업건강,근골상담정보,"상담일련번호, 내용, 근골유해요인타입코드목록","근골관리방법타입코드목록, 상담일련번호, 내용, 생성일시, 생성사용자일련번호, 삭제여부, 회차, 관리방법분류, 조치사항, 근골유해요인기타메모, 근골유해요인타입코드목록, 근골관리방법기타메모",한국산업안전보건공단,근로자건강센터 통합 전산시스템
33,산업안전보건,산업보건,직종별 산업안전,사고다발구역정보,"사고건수, 중심X좌표, 중심Y좌표, 사망자수,  시군구코드, 시군구명, 경상자수, 중상자수, 구역반경","사고건수, 중심X좌표, 중심Y좌표, 사망자수, 다발그룹아이디, 다발구역아이디, 다발구역명, 최초등록시점, 최초등록자ID, 지오메트리, 부상신고자수, 최종수정시점, 최종수정자ID, 시군구별순위, 시군구코드, 시군구명, 경상자수, 중상자수, 구역반경",한국산업안전보건공단,직종별 플랫폼 재해예방 시스템
34,산업안전보건,산업보건,직종별 산업안전,기상특보수집정보,"발표일시, 1-발표, 2-해제, 3-연장, 6-정정, 7-변경발표, 8-변경해제, 0-주의보, 1-경보, 1-강풍, 2-호우, 3-한파, 4-건조, 5-폭풍해일, 6-풍랑,7-태풍,  8-대설, 9-황사, 12-폭염","전체특보해제시각, 발표일시, 발표발효시각(특보발표시에만 제공), 발표번호, 0?정상, 1-취소된 특보, 해제발효시각(특보해제시에만 제공), 1-발표, 2-해제, 3-연장, 6-정정, 7-변경발표, 8-변경해제, 0-주의보, 1-경보, 1-강풍, 2-호우, 3-한파, 4-건조, 5-폭풍해일, 6-풍랑,7-태풍,  8-대설, 9-황사, 12-폭염, 특보구역코드정보 테이블 참조, 지점ID, 구역명",한국산업안전보건공단,직종별 플랫폼 재해예방 시스템
35,산업안전보건,산업보건,직종별 산업안전,사고정보(경찰청으로부터 수신한 사고내역),"사고내용코드, 사고번호, 사고유형, 사고유형대분류, 사고유형중분류, 요일, 주야, 사망자수, 지오메트리, 부상신고자수, 위치위도, 위치경도, 위치utmkx좌표, 위치utmky좌표, 법정동코드, 법규위반, 발생월일시, 발생시도, 발생시도코드, 발생시군구, 발생시군구코드, 발생년","사고내용코드, 사고번호, 사고유형, 사고유형대분류, 사고유형중분류, 요일, 주야, 사망자수, 지오메트리, 부상신고자수, 위치위도, 위치경도, 위치utmkx좌표, 위치utmky좌표, 법정동코드, 법규위반, 발생월일시, 발생시도, 발생시도코드, 발생시군구, 발생시군구코드, 발생년, 1당사자차종대분류, 도로형태, 도로형태대분류, 경상자수, 중상자수, 2당사자차종대분류",한국산업안전보건공단,직종별 플랫폼 재해예방 시스템
36,산업안전보건,산업보건,직종별 산업안전,교육영상정보,"교육영상아이디, 교육영상길이, 교육영상제목, 교육영상URL","공개_비공개 여부, 삭제여부, dl여부, dl수, 교육영상분류코드(01 : 모션 , 02 : 실사, 03 : 모션+실사), 교육영상아이디, 교육영상길이, 교육영상제목, 교육영상URL, 교육영상URLSSL, 데이터가 최초로 등록된 일시, 최초로 등록한 사용자아이디, 직종코드(01:이륜차, 02:택백, 03:대리, 04:택시, 05:대여, 06:가전), kogl구분코드, 데이터가 최종으로 변경된 일시, 최종으로 변경한 사용자아이디, 영상테마대분류코드(100 : 일반 , 200 : 날씨), 영상테마소분류코드",한국산업안전보건공단,직종별 플랫폼 재해예방 시스템
37,산업안전보건,산업보건,직업건강,자가측정신청정보,"신청일련번호, 신청자아이디, 시료신청수, 신청일시, 사업장관리번호, 사업개시번호, 통합사업장명, 컨설팅신청여부","표준산업분류코드, 인원수, 작업공정코드, 작업환경측정실시여부, 이메일알림전송일시, 삭제여부, 이메일발송여부, 신청일련번호, 고용노동부관리지사코드, 안전보건공단관리지사코드, 우편번호, 주소, 상세주소, 신청자직무코드, 신청자아이디, 시료신청수, 신청일시, 시료발송일시, 시료발송자아이디, 시료접수일시, 시료접수자아이디, 신청상태코드, 통합사업장사업관계키맵관리번호, 사업장관리번호, 사업개시번호, 통합사업장명, 컨설팅신청여부, 컨설팅신청일시, 컨설팅내용, 암호화여부, 공개여부, 컨설팅신청구분코드, 신청자신청구분코드, 인지도구분코드, 인지도내용, 인지도등록일자, 컨설팅답변일자, 최초입력자아이디, 최초입력부서코드, 최초입력지사코드, 최초입력일시, 최종수정자아이디, 최종수정부서코드, 최종수정지사코드, 최종수정일시, 택배회사구분코드, 택배송장번호",한국산업안전보건공단,화학물질 노출정보 알리미
38,산업안전보건,산업보건,직업건강,시료분석정보,"시료일련번호, 카스번호, 유해물질명, 평균작업환경측정결과값, 노출기준값","시료일련번호, 카스번호, 유해물질명, 평균작업환경측정결과값, 노출기준값, 최초입력자아이디, 최초입력부서코드, 최초입력지사코드, 최초입력일시, 최종수정자아이디, 최종수정부서코드, 최종수정지사코드, 최종수정일시",한국산업안전보건공단,화학물질 노출정보 알리미
39,산업안전보건,산업안전,산업안전 감독신?고사건,산업안전 사업장감독,"점검감독유형, 점검감독명, 사업장명, 사업장소재지, 사업장연락처, 처리관서, 이름, 주민등록번호, 주소, 사업장명, 사업장주소, 연락처, 위반법조항, 위반내용, 조치내용, 과태료부과금액","점검감독유형, 점검감독명, 사업장명, 사업장소재지, 사업장연락처, 처리관서, 이름, 주민등록번호, 주소, 사업장명, 사업장주소, 연락처, 위반법조항, 위반내용, 조치내용, 과태료부과금액",고용노동부(안전보건감독기획과),근로감독행정 정보시스템(노사누리)
40,산업안전보건,산업안전,산업안전 감독신?고사건,산업안전 신고사건,"신고사건구분, 접수일자, 접수번호, 처리기한, 처리관서, 신고인 인적사항, 피신고인 인적사항, 위반법조항, 위반내용, 조치내용, 과태료부과금액","신고사건구분, 접수일자, 접수번호, 처리기한, 처리관서, 신고인 이름, 신고인 주민등록번호, 신고인 주소, 신고인 연락처, 피신고인 이름, 피신고인 주민등록번호, 피신고인 주소, 피신고인 사업장명, 피신고인 사업장주소, 피신고인 연락처, 위반법조항, 위반내용, 조치내용, 과태료부과금액",고용노동부(안전보건감독기획과),근로감독행정 정보시스템(노사누리)
41,산업안전보건,산업안전,산업안전 감독신?고사건,위험상황 신고조사,"신고내용, 신고 접수방법, 처리관서, 사업장명, 소재지, 대표자, 신고인 정보, 조치대상자 정보, 위반법조항, 위반내용, 조치내용, 과태료부과금액","신고 접수일자, 신고내용, 신고 접수방법, 처리관서, 사업장명, 소재지, 대표자, 신고인 이름, 신고인 생년월일, 신고인 전화번호, 신고인 주소, 조치대상자 이름, 조치대상자 주민등록번호, 조치대상자 주소, 조치대상자 사업장명, 조치대상자 사업장주소, 조치대상자 연락처, 위반법조항, 위반내용, 조치내용, 과태료부과금액",고용노동부(안전보건감독기획과),근로감독행정 정보시스템(노사누리)
42,산업안전보건,산업안전,산업안전 지도사,산업안전 지도사,"지도사 인적사항, 업무영역, 시험합격일자, 사무소명, 소재지, 관할관서","이름, 생년월일, 주소, 연락처, 등록번호, 등록년월일, 업무영역, 시험합격일자, 사무소명, 소재지, 관할관서",고용노동부(안전보건감독기획과),근로감독행정 정보시스템(노사누리)
43,산업안전보건,산업안전,산업안전보건 지정기관,산업안전보건 지정기관,"기관종류, 기관유형, 기관명, 업무영역, 소재지, 대표자, 연락처, 관할관서, 지정현황, 자격종류, 자격번호, 경력, 발령일자, 겸직여부","기관종류, 기관유형, 기관명, 업무영역, 소재지, 대표자, 연락처, 관할관서, 지정현황, 이름, 주민등록번호, 자격종류, 자격번호, 경력, 발령일자, 겸직여부",고용노동부(안전보건감독기획과),근로감독행정 정보시스템(노사누리)
44,산업안전보건,산업안전,안전보건관리,산업안전보건선임자,"사업장명, 사업장, 소재지, 업종, 근로자수, 사업장, 연락처, 관할관서, 관리자구분, 선임자 인적사항","사업장명, 사업장, 소재지, 업종, 근로자수, 사업장, 연락처, 관할관서, 관리자구분, 성명(기관명), 연락처, 선임구분, 선임년월, 전임구분, 자격, 면허번호, 생년월일, 직위직책",고용노동부(안전보건감독기획과),근로감독행정 정보시스템(노사누리)
45,산업안전보건,산업안전,사업장 기술지원,민간위탁 안전지원 사업장,"사업연도, 사업장일련번호, 사업장관리번호, 사업장개시번호, 사업자등록번호, 사업장명, 관리지사코드, 노동부관할지청코드, 대표자명, 업종코드","사업연도, 사업장일련번호, 사업장관리번호, 사업장개시번호, 사업자등록번호, 사업장명, 관리지사코드, 노동부관할지청코드, 대표자명, 업종코드, 사업장 주소, 선정기준공통코드, 생산품명, 지원기관형태공통코드, 대행기관코드, 사업장담당자명, 사업장담당자전화번호, 사업장팩스번호, 사업장담당자이메일, 지원결과공통코드, 사업장종결사유공통코드, 제외사유공통코드, 산재근로자수, 조치의뢰요청여부, 교육분야공통코드, 외국인근로자수, 고령근로자수, 비정규직근로자수, 타클린결정일시, 교육지원수, 관리번호변경사업장관리번호, 관리번호변경사업장개시번호, 관리번호변경내용, 사업장상태공통코드, 수수료금액, 외국인근로자작업내용위험요인명, 고령근로자작업내용및위험요인명, 주요작업내용위험요인명, 확인방법공통코드, 미조치처리결과공통코드, 여성근로자수, 여성근로자작업내용위험요인명, 컨소시엄여부, 재해예방기관코드, 추락지적건수총합수, 전도지적건수총합건수, 협착지적집계건수, 기타지적총합건수, 고령자작업추락총합건수, 전도개선총합건수, 협착개선총합건수, 고령자작업개선총합건수, 조치총합추락건수, 전도조치건수집계건수, 협착조치건수, 조치총합기타건수, 대행기관일련번호, 문서번호, 현장주소, 위험요인자기관리실적일자, 지게차보유여부, 천정크레인보유여부, 일용직근로자수, 근로자수, 신규채용자수, 기타내용, 실제지게차건수, 보건담당자선임여부, 위탁기관참고내용, 긴급지원선정일자, 지붕구분공통코드, 지붕공사예정일자, 안전보건관리자직책명, 안전보건관리자명, 기술지원지속희망여부, 기술지원안내여부, 산업안전대진단안내여부, 산업안전대진단실시여부",한국산업안전보건공단,K2B 시스템
46,산업안전보건,산업안전,유해위험 사업장 ,건설업 유해위험 방지계획서 사업장,"공사장명, 발주기관소속구분코드, 공사구분코드, 공사총금액, 연인원수, 안전보건공단관리지사코드, 고용노동부관리지사코드, 사업장업태명, 사업장종목명","관리번호, 통합사업장사업관계키맵관리번호, 사업장관리번호, 사업개시번호, 사업자등록번호, 공사장명, 발주기관소속구분코드, 공사구분코드, 공사장주소, 공사장전화번호, 공사장팩스번호, 공사시작일자, 공사종료일자, 공사총금액, 연인원수, 안전보건공단관리지사코드, 고용노동부관리지사코드, 사업장업태명, 사업장종목명, 실제공사종료일자, 공사종류구분코드, 공사규모내용, 공사연결일자, 종료구분코드, 행정동PNU코드, 건물관리번호",한국산업안전보건공단,건설업유해위험방지계획서업무시스템
47,산업안전보건,산업안전,클린사업장,클린사업장 관리,"클린사업장신청고유번호, 클린관리번호, 자체개선비용금액, 자금지원결정일자, 자금지원결정자명, 인정결정일자","클린사업장신청고유번호, 클린관리번호, 클린관리계획서접수일자, 클린계획서담당자아이디, 클린계획서담당자명, 자체개선비용금액, 자금지원결정일자, 자금지원결정자명, 인정결정일자, 인정실패여부, 인정담당자명, 인정번호",한국산업안전보건공단,클린사업장조성지원시스템
48,산업안전보건,산업안전,클린사업장,클린사업장 신청,"클린사업장신청고유번호, 클린신청처리상태구분코드, 사업참여여부, 고용노동부관리지사코드, 안전보건공단관리지사코드, 주생산품명, 청년근로자수, 신청서작성관리지사코드, 사업장담당자전화번호, 사업장기준점수","클린사업장신청고유번호, 통합사업장사업관계키맵관리번호, 대표자관리번호, 근로자수, 사업참여여부, 설치사업장기본주소, 설치사업장상세주소, 설치사업장우편번호, 설치사업장전화번호, 설치사업장팩스번호, 고용노동부관리지사코드, 안전보건공단관리지사코드, 주생산품명, 청년근로자수, 신청서작성관리지사코드, 신청서입력일자, 공단신청서입력담당자구성원아이디, 개인정보이력일련번호, 사업장담당자직책명, 사업장담당자전화번호, 사업장기준점수, 클린신청처리상태구분코드, 클린사업장신청서접수일자, 공단배정담당자명, 투자계획컨설팅등록일자, 접수번호부여담당자구성원아이디, 접수번호부여담당자명, 클린사업장신청취소여부, 클린사업장신청취소일자, 사업장신용정보등급구분코드, 공단배정담당자전화번호, 공단배정담당자구성원아이디, 기술지원담당자명, 기술지원일자, 사업참여분야구분코드, 공인증서여부, 인터넷가능여부, 기술지원기관명, 사업장대표자교육참석여부, 우선선정점수, 접수허가반려여부, 접수번호, 실제파일명, 업로드파일명, 교육통보횟수, 교육통보일자, 클린신청수정일자, 공개구매정책동의여부, 클린사업장인증여부, 투자완료확인결재여부, 기술지원분야구분코드, 행정동PNU코드, 행정동기본주소, 행정동주소, 위험성평가표체크여부, 담당자교육신청체크여부, 컨설팅신청체크여부, 취약계층외국인근로자수, 취약계층고령자수, 취약계층산재장애자수, 취약계층비정규직수, 크레인보유여부, 크레인보유수, 지게차보유여부, 지게차보유수, 강소기업여부, 노사문화우수기업여부, 고용창출우수기업여부, 신청접수여부, 사업장관리번호중복체크여부, 생년월일중복체크여부, 법인등록번호중복체크여부, 주소중복체크여부, 확인결제문서번호, 최초입력자아이디, 최초입력부서코드, 최초입력지사코드, 최초입력일시, 최종수정자아이디, 최종수정부서코드, 최종수정지사코드, 최종수정일시, 대표자전화번호, 대표자이메일, 첨부파일번호, 사후관리대상구분코드, 사후관리비대상사유구분코드, 사후관리비대상비고내용, 사후기술지도기간, 특성고등학교지원여부, 투자첨부파일번호, 보조금자동신청여부, 서명이미지첨부파일번호, 상생협약체결원청기업공통코드",한국산업안전보건공단,클린사업장조성지원시스템
49,산업안전보건,산업안전,화학사고예방,유해화학물질 취급시설 검사,"유해화학물질신청번호, 유해화학물질진행상태구분코드, 유해화학물질신청구분코드, 유해화학물질검사구분코드, 유해화학물질신청유형구분코드, 신청자 신상정보, 영업허가대상여부, 장외영향평가위험도구분코드","유해화학물질신청번호, 유해화학물질신청일련번호, 사용자아이디, 유해화학물질진행상태구분코드, 유해화학물질신청구분코드, 유해화학물질검사구분코드, 유해화학물질신청유형구분코드, 신청자명, 신청자전화번호, 신청자이동전화번호, 신청자이메일, 업소코드명, 시설코드명, 시설구분명, 영업허가대상여부, 장외영향평가위험도구분코드, 관할환경관서명, PSM대상여부, 검사희망일자, 최초검사일자, 거래처코드, 공단접수담당자구성원아이디, 신청첨부파일번호, 신청일시, 신청여부, 신청접수여부, 보완여부, 오프라인등록여부, 재검사수수료면제여부, 보완이력여부, 변경접수이력여부, 최초입력자아이디, 최초입력부서코드, 최초입력지사코드, 최초입력일시, 최종수정자아이디, 최종수정부서코드, 최종수정지사코드, 최종수정일시, 확인결재문서번호, 관할환경관서구분코드, ERP신청첨부파일번호, 반려여부, 반려사유구분코드, 기타반려사유내용, 염색업무여부, 표면처리업무여부, 연안법적용여부, 경미시설변경여부, 중소기업여부, 취급시설소재지우편번호, 취급시설소재지기본주소, 취급시설소재지상세주소, 취급시설소재지시도구분코드, 관리지사코드, 해당없음유무, 허가대장사업자등록번호, 화학사고예방계획서민원번호, 항만구역여부, 산업단지여부, 산업단지코드, 반도체제조여부, 수행기관코드, 민원사무처리접수일자, 민원관리번호, 민원요청일자",한국산업안전보건공단,유해화학물질취급시설검사시스템
50,산업안전보건,산업안전,화학사고예방,유해화학물질 취급시설 사업장,"사용자아이디, 사용자구분코드, 사무소전화번호, 사무소주소, 대표자명, 취급시설소재지주소, 사업장담당자명, 사업장담당자이동전화번호, 사업장담당자이메일, 관리지사코드","사용자아이디, 사용자구분코드, 사무소전화번호, 사무소주소, 대표자명, 취급시설소재지주소, 사업장담당자명, 사업장담당자이동전화번호, 사업장담당자이메일, 관리지사코드, 대표자생년월일, 대표자휴대전화번호, 대표자이메일, 사업장담당자전화번호, 영업허가일자",한국산업안전보건공단,유해화학물질취급시설검사시스템
51,산업안전보건,산업안전,화학사고예방,화학물질 구성성분,"MSDS제출아이디, MSDS제출이력번호, MSDS번호명, 기준년도코드, 사업장아이디, 업종코드, 고용인원수, 수입품여부, 연구개발여부, 공개여부, MSDS제출구분코드, MSDS제출여부, MSDS제출일자","MSDS제출아이디, MSDS제출이력번호, MSDS번호명, 기준년도코드, 사업장아이디, 사업자등록번호, 사업장명, 팩스번호,대표자명, 이메일, 업종코드, 고용인원수, 주소, 전화번호, 수입품여부, 연구개발여부, 공개여부, MSDS제출구분코드, MSDS제출여부, MSDS제출일자, MSDS작성이력번호, 선임번호명, 제정개정일자, MSDS제품명, 제품코드명, 사용제한내용, 신호어코드, 개정일자, 재해사례상세내용, 요청제공상세내용, 사업장공개여부, MSDS작성여부, 기타사업장정보내용, 추출결과코드, 유해위험성적정성검토결과코",한국산업안전보건공단,물질안전보건자료시스템
52,산업안전보건,산업안전,화학사고예방,화학물질정보,"물질명, CAS NO, 유해/위험성 정보, 물질규제정보, 국내기관정보, 국외기관정보, 함유량, 경고표지 정보","물질명, CAS NO, 유해/위험성 정보, 물질규제정보, 국내기관정보, 국외기관정보, 함유량, 경고표지 정보",한국산업안전보건공단,화학물질정보
53,산업안전보건,산업안전,화학사고예방,화학사고 위험경보제 컨설팅,"컨설팅년도, 분기구분코드, 위험경보제아이디, PSM등급구분코드, 예비등급구분코드, 최종등급구분코드","컨설팅년도, 분기구분코드, 위험경보제아이디, PSM등급구분코드, 예비등급구분코드, 최종등급구분코드, 컨설팅일자, 사업담당자명, 전화번호, 수행자명",한국산업안전보건공단,공정안전 및 위험경보제 지원시스템(ePSM)
54,산업안전보건,산업안전,안전보건교육,수강이력,"교육년도, 회원이름, 핸드폰번호, 생년월일, 교육기관명, 교육과정명, 수료일자","교육년도, 통합사이트구분, 통합관리번호, 회원이름, 핸드폰번호, 생년월일, 회원코드, 사업자등록번호, 교육기관코드, 교육기관명, 교육과정코드, 교육과정명, 교육신청일자, 교육시작일자, 교육종료일자, 수료일자, 배치기준일자, 생성프로그램, 생성일시",한국산업안전보건공단,교육 포털 서비스(산업안전보건교육원 홈페이지/이러닝교육센터/직무교육센터)
55,산업안전보건,산업안전,안전보건교육,강사정보,"회원 코드, 강사 유형 코드, 강사 등급 코드, 강사 전공 분야 이름","회원 코드, 강사 유형 코드, 집합 YN, 이러닝 YN, 강사 등급 코드, 강사 등급 이름, 강사 전공 분야 코드, 강사 전공 분야 이름, 사용여부, 생성 회원 코드, 생성 프로그램, 생성 아이피, 생성 일시, 수정 회원 코드, 수정 프로그램, 수정 아이피, 수정 일시, 회원이름, 사이트코드, 전화번호",한국산업안전보건공단,교육 포털 서비스(산업안전보건교육원 홈페이지/이러닝교육센터/직무교육센터)
56,산업안전보건,산업안전,안전보건교육,과정정보,"과목명, 필수과목여부, 학습순서","과목코드, 과정코드, 과목명, 필수과목여부, 학습순서, 사이트코드, 사용여부, 생성회원코드, 생성프로그램, 생성아이피, 생성일시, 수정회원코드, 수정프로그램, 수정아이피, 수정일시",한국산업안전보건공단,교육 포털 서비스(산업안전보건교육원 홈페이지/이러닝교육센터/직무교육센터)
57,산업안전보건,산업안전,안전보건교육,교육과정,"과정소개내용, 근로자수50인미만선정비율, 근로자수50인이상선정비율, 교육년도, 교육분류코드, 교육과정코드, 교육과정명,  교육일수, 교육시간값, 교육비금액, 숙박여부, 숙박금액","과정소개내용, 샘플강의명, 샘플강의링크주소, 수강신청제한율, 수강자준비내용, 최초입력자아이디, 최초입력부서코드, 최초입력지사코드, 최초입력일시, 최종수정자아이디, 최종수정부서코드, 최종수정지사코드, 최종수정일시, 교육과정출력물코드, 보수교육면제여부, 선정비율사용여부, 근로자수50인미만선정비율, 근로자수50인이상선정비율, 교육참석안내여부, 교육만족도조사안내여부, 안내교육시작시간, 안내교육종료시간, 교육년도, 교육분류코드, 교육과정코드, 교육과정명, 수료조항내용, 계획인원수, 담당강사번호, 담당강사명, 보조강사번호, 교육일수, 교육시간값, 교육비금액, 환급가능여부, 환급금액, 식대금액, 점심제공여부, 숙박여부, 숙박금액, 주된교육시설번호, 대상자소개내용",한국산업안전보건공단,산업안전보건교육원 홈페이지
58,산업안전보건,산업안전,안전보건교육,교육과목,"교육과정코드, 교육과목코드, 교육과목종류구분코드, 교육과목명, 과목소개내용","교육과정코드, 교육과목코드, 교육과목종류구분코드, 교육과목명, 과목소개내용, 교재원고명, 교재원고링크주소명, 사용여부, 최초입력자아이디, 최초입력부서코드, 최초입력지사코드, 최초입력일시, 최종수정자아이디, 최종수정부서코드, 최종수정지사코드, 최종수정일시",한국산업안전보건공단,산업안전보건교육원 홈페이지
59,산업안전보건,산업안전,안전보건교육,교육시설정보,"교육시설번호, 관리지사코드, 교육시설명, 교육시설위치명","교육시설번호, 관리지사코드, 교육시설명, 교육시설위치명, 교육시설남녀구분코드, 정원인원수, 수용인원수, 사용여부, 최초입력자아이디, 최초입력부서코드, 최초입력지사코드, 최초입력일시, 최종수정자아이디, 최종수정부서코드, 최종수정지사코드, 최종수정일시, 생활실아이디",한국산업안전보건공단,산업안전보건교육원 홈페이지
60,산업안전보건,산업안전,안전보건교육,교육강사,"관리지사코드, 강사번호, 강사종류구분코드, 강사명, 학위명, 전공명","관리지사코드, 강사번호, 강사종류구분코드, 이해관계자키맵관리번호, 강사명, 사원한자명, 소속직장명, 직급직책명, 학위명, 전공명, 팩스번호, 비고내용, 지급기준구분코드, 출장여비금액, 강사위촉여부, 첨부파일번호, 최초입력자아이디, 최초입력부서코드, 최초입력지사코드, 최초입력일시, 최종수정자아이디, 최종수정부서코드, 최종수정지사코드, 최종수정일시, 직장전화번호",한국산업안전보건공단,산업안전보건교육원 홈페이지
61,산업안전보건,산업안전,안전보건교육,교육수강정보,"교육년도, 교육분류코드, 교육과정코드, 개인정보이력일련번호","삭제일시, 교육년도, 교육분류코드, 교육과정코드, 교육기수번호, 업무이해관계자개인정보관리번호, 안전보건공단관리지사코드, 개인정보이력일련번호, 환급대상여부, 수강자팩스번호, 정규직여부, 외국인여부, 첨부파일번호, 교육접수번호, 수강등록번호, 교육접수일시, 교육과정수료식별번호, 자격수첩식별번호, 교육제적일자, 교육수료일자, 교육시험점수, 출퇴근근태점수, 교육포상상세내용, 교육포상번호, 미수금액사유내용, 합숙기숙사교육시설번호, 영수증발급일자, 결제금액, 결재일련번호, 결재일자, 결재자명, 결제승인식별번호, 수강등록번호유무, 대표자여부, 마일리지카드출력여부, 숙박결제식별번호, 숙박결제방법구분코드, 숙박결제단계구분코드, 숙박가수금관리번호, 숙박입금가수금관리번호, 숙박비용입금일자, 숙박비용입금자명, 숙박금액, 무료사유내용, 출력구분코드, 수수료관리번호, 삭제수수료관리번호, 은행구분코드, 환급계좌번호, 환급계좌예금자명, 환급지급여부, 환급지급금액, 서류제출여부, 교육비결제방식구분코드, 교육비결제단계구분코드, 교육과정명, 교육시간구분코드, 교육업무구분코드, 계획인원수, 교육시작일자, 교육종료일자, 교육시설번호, 교육담당자아이디, 통합사업장사업관계키맵관리번호, 종목명, 업태명, 최초입력자아이디, 최초입력부서코드, 최초입력지사코드, 최초입력일시, 최종수정자아이디, 최종수정부서코드, 최종수정지사코드, 최종수정일시",한국산업안전보건공단,산업안전보건교육원 홈페이지
62,산업안전보건,산업안전,안전보건교육,학습방정보,"사업장 코드, 사업장 이름, 교육 과정, 상세 url, 강의 날짜, 교육 장소","사업장 코드, 사업장 이름, 교육 과정, 상세 url, 교육 종료 시간, 교육 클라이언트, 강의 날짜, 학습메모, 학습 시간(분), 학습방 제목, 학습방 주제, QR코드 파일명, 방 생성일, 가입 타입, 교육 시작 시간, 교육방 상태(진행중 or  종료), 교육 장소, 강사 이메일, 강사 아이디, 강사 이름 ",한국산업안전보건공단,산업안전교육이수확인(ICT콘텐츠플랫폼)
63,산업안전보건,산업안전,안전보건교육,아이템,"상품번호, 상품설명, 상태, 아이템타입, 다운로드 URL","양F, 재고변경 사유, 유관기관 월주문수량, 양L, 양수정일자, 양S, 공단 월주문수량, 양T, 사용자 월주문수량, 발행일, 생성자 계정, 다운로드명, 다운로드 오리지널 이름, 아이템에이전시, 아이템코드, 아이템설명, 상품설명, 아이템이미지명, 아이템 이미지 오리지널 이름, 아이템언어, 메인표출 순번, 아이템명, 아이템푸쉬, 아이템쉬핑, 아이템스탠다드, 아이템타입, 다운로드 URL, 상품번호, 수정날짜, 수정자, 상태",한국산업안전보건공단,미디어 현장배송 서비스
64,산업안전보건,산업안전,안전보건교육,주문아이템,"주문 일련번호, 일련번호, 주문수량","주문수량, 발행일, 생성자 계정, 상품 일렬번호, 수정날짜, 수정자, 주문 일련번호, 일련번호, 상태",한국산업안전보건공단,미디어 현장배송 서비스
65,산업안전보건,산업안전,안전보건교육,사용자정보,"유저ID, 이름, 핸드폰번호, 유저PW","관리자 권한 부여 코드, 발행일, 생성자 계정, 수정날짜, 수정자, 상태, 이메일, 비밀번호실패수, 유저ID, 이름, 핸드폰번호, 유저PW, 개발자 부여 권한 ",한국산업안전보건공단,미디어 현장배송 서비스
66,산업안전보건,산업안전,안전보건교육,이수증정보,"수료증고유번호, 수료자명, 수료자생년월일, 교육구분코드, 과정구분코드","수료증고유번호, 수료자명, 수료자생년월일, 교육구분코드, 과정구분코드, 최초입력교육회원번호, 최초입력일시, 최종수정교육회원번호, 최종수정일시, 교육시작시각, 교육종료시각, 수료증서식번호, 수료증고유번호, 수료자명, 수료자생년월일, 교육구분코드, 과정구분코드, 최초입력자아이디, 최초입력일시, 최종수정자아이디, 최종수정일시, 교육시작시각, 교육종료시각, 수료증서식번호",한국산업안전보건공단,미디어 현장배송 서비스
67,산업안전보건,산업안전,안전보건교육,민간교육기관,"사업장기본주소, 사업장상세주소, 전화번호, 기관코드, 지역분류코드,  사업장관리번호, 사업개시번호, 사업자등록번호, 교육기관명","사업장기본주소, 사업장상세주소, 기관홈페이지URL, 회사소개설명, 교육담당자명, 교육문의일반전화번호, 교육문의팩스번호, 교육문의이메일, 사용여부, 신규등록여부, 지정서발급번호, 재해예방기관코드, 지역분류코드, 최초입력자아이디, 최초입력부서코드, 최초입력지사코드, 최초입력일시, 최종수정자아이디, 최종수정부서코드, 최종수정지사코드, 최종수정일시, 교육기관고유번호, 본사여부, 사업장관리번호, 사업개시번호, 사업자등록번호, 교육기관명, 고용노동부관리지사명, 관리지사코드, 대표자명, 사업장전화번호, 사업장팩스번호, 사업장우편번호",한국산업안전보건공단,미디어 현장배송 서비스
68,산업안전보건,산업안전,안전보건교육,민간교육기관평가,"평가년도, 교육기관고유번호, 교육구분코드, 평가합계점수, 기관평가등급구분코드","평가년도, 교육기관고유번호, 교육구분코드, 평가합계점수, 기관평가등급구분코드, 게시여부, 업무관리체계점수, 교육훈련점수, 유지관리점수, 교육관리점수, 교육학생관리점수, 자체평가점수, 최초입력자아이디, 최초입력부서코드, 최초입력지사코드, 최초입력일시, 최종수정자아이디, 최종수정부서코드, 최종수정지사코드, 최종수정일시",한국산업안전보건공단,미디어 현장배송 서비스
69,산업안전보건,산업안전,해외지원,게시글,"게시판 번호,  제목, 내용","에디터 첫번째 이미지, 게시글 유일키, 원글식별번호, 게시판 번호, 답변글순서, 원글-답변글의 묶음 번호, 답변글의 깊이, 분류번호, 제목, 내용, 등록시 권한, 글쓴이 아이디, 글쓴이 이름, 글 비밀번호, 글쓴이 식별키 ipin-id, 글쓴이 이메일, 글쓴이 전화, 글쓴이 휴대폰, 조회수, 삭제여부 YN, 비밀글 사용여부 YN, 댓글내용, 댓글 작성일, 댓글 아이디, 댓글 작성자, 댓글 작성자 전화, 댓글 작성자 이메일, 댓글 완료 여부 YN, html 사용여부 YN, 댓글 html 사용여부 YN, 상태, 승인여부 YN, 만족도점수, 개선점(만족도용), 개인정보 동의 여부 YN, 공지 시작일, 공지 종료일, 삭제플래그 지정일, 삭제플래그 지정 아이디, 삭제플래그 지정 사용자명, 작성자 아이피, 삭제플래그 지정 아이피, 추천 포인트, 비추천 포인트, 작성자 SNS 아이디, 작성자 SNS 밴더, 확장필드날짜1, 확장필드날짜2, 확장필드날짜3, 확장필드날짜4, 확장필드날짜5, 확장필드문자1, 확장필드문자2, 확장필드문자3, 확장필드문자4, 확장필드문자5, 확장필드문자6, 확장필드문자7, 확장필드문자8, 확장필드문자9, 확장필드문자10, 확장필드문자11, 확장필드문자12, 확장필드문자13, 확장필드문자14, 확장필드문자15, 확장필드텍스트1, 확장필드텍스트2, 작성일, 정렬일자, 최종 업데이트, 정렬번호, 확장필드",한국산업안전보건공단,아시아·태평양 산업안전보건기구 홈페이지(APOSHO 홈페이지)
70,산업안전보건,산업안전,빅데이터,고위험사업장,"통계기준년월, 업종구분코드, 사업장관리번호, 사업개시번호","통계기준년월, 업종구분코드, 사업장관리번호, 사업개시번호, 통합사업장사업관계키맵관리번호, 사업자등록번호, 법인등록번호, 산업분류중분류코드명, 산업분류코드명, 산재재해통계조직명, 고용노동부관리지사명, 시도코드명, 시군구코드명, 사업장인원규모코드명, 사업장예측확률율, 사업장예측확률율구분코드, 고위험사업장여부, 사고재해자수, 사고부상자수, 사고사망자수, 근로손실일수, 추락재해자수, 충돌재해자수, 끼임재해자수, 기타재해자수, 공사기간구간코드명, 공사금액구간코드명, 최초입력자아이디, 최초입력부서코드, 최초입력지사코드, 최초입력일시, 최종수정자아이디, 최종수정부서코드, 최종수정지사코드, 최종수정일시",한국산업안전보건공단,산재예방 빅데이터 플랫폼
71,산업안전보건,산업안전,빅데이터,중대재해 사업장 고위험 예측,"사고사망자수, 재해율, 사고사망만인율, 동종업종동종규모재해율, 동종업종평균사고사망만인율, 동종업종평균재해율초과여부, 현장명, 현장주소, 사고부상자수, 사업장규모코드, 사업장업종종류코드, 사업장관리번호, 사업개시번호, 사업자등록번호","사고사망자수, 사고사망인율초과여부, 동종업종동종규모예측율, 재해율, 사고사망만인율, 동종업종동종규모재해율, 동종업종평균사고사망만인율, 동종업종평균재해율초과여부, 현장명, 현장주소, 사고부상자수, 사업장좌표값, 사업장규모코드, 사업장예측일련번호, 사업장업종종류코드, 통합사업장사업관계키맵관리번호, 사업장관리번호, 사업개시번호, 사업자등록번호, 법인등록번호, 사업장설립일자, 사업장폐업일자, 사업장명, 주된사업장명, 사업장상세주소, 근로자수, 중업종코드, 소업종코드, 중업종명, 소업종명, 노동지청일선기관명, 노동지청코드, 노동지청명, 사업장지역코드, 사업장지역명, 사업장우편번호, 사업장기본주소, 고위험사업장여부, 사업장예측확률율, 사용모델종류명, 사업장추론시각, 최초입력자아이디, 최초입력부서코드, 최초입력지사코드, 최초입력일시, 최종수정자아이디, 최종수정부서코드, 최종수정지사코드, 최종수정일시",한국산업안전보건공단,산재예방 빅데이터 플랫폼
72,산업안전보건,산업안전,재정지원,사업비지급신청,"사업비용지급진행상태코드, 사업비용지급일련번호, 예금주명, 금융기관코드","은행공통코드, 사업비용지급진행상태코드, 사업비용지급일련번호, 사업비용지급회차일련번호, 사업비용구분코드, 예금주명, 금융기관코드, 최초입력지사코드, 최초입력부서코드, 최초입력일시, 최초입력자아이디, 지급신청자아이디, 지급신청일자, N:기본,  Y:착수금환급, 최종수정지사코드, 최종수정부서코드, 최종수정일시, 최종수정자아이디, 환수금액, 환수사유, 환수구분코드, 환수일자, 과제아이디",한국산업안전보건공단,안전투자 혁신사업 종합운영시스템
73,산업안전보건,산업안전,재정지원,사업비지급처리이력,"이력아이디, 과제아이디, 신청기업아이디, 지역코드, 은행공통코드, 은행명, 잔금지급금액, 착수금지급금액, 예금주명","계좌번호암호화문자값, 협약번호, 신청기업아이디, 지역코드, 은행공통코드, 은행명, 잔금지급금액, 착수금지급금액, 예금주명, 기타비고내용, 기타여부, 최초입력지사코드, 최초입력부서코드, 최초입력일시, 최초입력자아이디, 지급집계금액, 이력아이디, 최종수정지사코드, 최종수정부서코드, 최종수정일시, 최종수정자아이디, 중도금지급금액, 공급기업아이디, 공급기업휴업폐업여부, 과제아이디, 과제구분코드, 휴업폐업확인일자",한국산업안전보건공단,안전투자 혁신사업 종합운영시스템
74,산업안전보건,산업안전,통합사업장,통합사업장마스터_이력,"사업개시번호, 사업장관리번호, 통합사업장명, 통합사업장산재업종코드, 통합사업장고용업종코드, 통합사업장우편번호, 통합사업장기본주소, 통합사업장상세주소, 통합사업장사업자등록번호, 통합사업장대표자명","노무제공자인원수, 보상관리지사코드, 동일특수고용사업장존재여부, 특수형태근로자사업구분코드, 동일위험사업장관리번호, 특수형태근로자인원수, 통합사업장최초성립일자, 통합사업장최종소멸일자, 통합사업장소멸구분코드, 지역구분코드, 도로명코드, 통합사업장결재일자, 법인등록번호, 법인구분코드, 법인분류구분코드, 법인종류구분코드, 사업종류구분코드, 주생산품명, 사업장이메일, 사업장URL, 근복단총사업장수, 특수형태근로자구분코드, 국가구분코드, 총공사금액, 공사구분코드, 연인원수, 발주처관리번호, 발주처명, 계속기한사업구분코드, 보험구분코드, 일괄전환여부, 벌목재적량, 발주총공사금액, 계약금액, 재료환산금액, 계약일자, 계약서착공일자, 실착공일자, 준공예정일자, 허가일자, 허가번호, 허가기관명, 산재사업구분코드, 산재사업장상태구분코드, 산재성립일자, 산재소멸일자, 산재상시인원수, 산재개시상태구분코드, 산재일괄전환여부, 산재접수번호, 산재접수일자, 산재결재일자, 산재승인일자, 변경전고용업종코드, 고용사업구분코드, 고용사업장상태구분코드, 고용성립일자, 고용소멸일자, 고용상시인원수, 남자근로자수, 여성근로자수, 장년근로자수, 외국인근로자수, 장애자근로자수, 고용개시상태구분코드, 고용일괄전환여부, 고용접수번호, 고용접수일자, 고용결재일자, 고용일괄전환구분코드, 고용관리번호, 업무구분코드, 최초입력자아이디, 최초입력부서코드, 최초입력지사코드, 최초입력일시, 최종수정자아이디, 최종수정부서코드, 최종수정지사코드, 최종수정일시, 근복단총상시인원수, 병합추천구분코드, 즉시병합사유구분코드, 즉시병합사유비고내용, 통합사업장사업관계키맵관리번호, 근복단최초입력일시, 근복단최종변경일시, 통합사업장관리번호, 통합사업장구분코드, 통합사업장임의구분코드, 통합사업장최종상태구분코드, 통합사업장본지사구분코드, 통합사업장명, 통합사업장검색어명, 이해관계자키맵관리번호, 통합사업장대표자명, 통합사업장사업자등록번호, 통합사업장공동대표여부, 통합사업장산재업종코드, 통합사업장고용업종코드, 통합사업장우편번호, 통합사업장기본주소, 통합사업장상세주소, 통합사업장병행상세주소, 사업개시번호, 사업장관리번호, 통합사업장병합주된사업장관리번호, 통합사업장병합종료일시, 통합사업장병합시작일시, 통합사업장병합차수, 통합사업장병합관리번호, 통합사업장병합구분코드, 이력종료일시, 통합사업장지역전화번호, 통합사업장앞자리전화번호, 통합사업장뒷자리전화번호, 통합사업장지역팩스번호, 통합사업장앞자리팩스번호, 통합사업장뒷자리팩스번호, 고용노동부관리지사코드, 안전보건공단관리지사코드, 근복단관리지사코드, 근복단처리지사코드, 통합사업장총상시인원수, 고용상시인원기준년월, 이력시작일시, 사업개시순서번호, 전송대상구분코드, 전송완료구분코드, 4대보험사업장관리번호, 4대보험사업개시번호, 주된사업장관리번호, 주된사업개시번호, 원수급사업장관리번호, 원수급개시번호, 구사업장관리번호, 구사업개시번호, 새원부번호, 새원부개시번호",한국산업안전보건공단,산재예방정보시스템
75,산업안전보건,산업안전 인증·검사,유해위험 도급승인,유해위험 도급승인,"도급인 사업장명, 도급인 소재지, 도급인 업종, 도급인 근로자수, 도급인 대표자, 수급인 사업장명, 수급인 소재지, 수급인 업종, 수급인 근로자수, 수급인 대표자, 도급작업, 유해화학물질량, 도급기간, 도급승인기간","도급인 사업장명, 도급인 소재지, 도급인 업종, 도급인 근로자수, 도급인 대표자, 도급인 연락처, 수급인 사업장명, 수급인 소재지, 수급인 업종, 수급인 근로자수, 수급인 대표자, 도급작업, 유해화학물질량, 도급기간, 도급승인기간",고용노동부(안전보건감독기획과),근로감독행정 정보시스템(노사누리)
76,산업안전보건,산업안전 인증·검사,위험성평가,위험성평가 인정심사,"사업개시번호, 사업분야구분(보건,건설,안전,서비스), 사업분야구분 등록일, 민원번호, 사업분야구분","사업개시번호, 사업장 담당자 연락처, 사업장 담당자 명, 인정심사 첨부파일명, 인정신청일, 사업분야구분(보건,건설,안전,서비스), 사업분야구분 등록일, 민원번호, 사업분야구분, 인정일, 인정유지기간 만료일, 인정심사 결과, 인정번호, 문서번호, 민원 종료일, 인정 반려 여부, 인정 반려일, 인정 반려 사유, 자진취소시 문서번호, 인정 취소신청 여부, 인정 취소사유 코드, 인정 취소일, 인정 취소 사유, 인정취소 문서번호, 인정 단계별 코드, 예방요율제, 심사타입",한국산업안전보건공단,위험성평가지원시스템
77,산업안전보건,산업안전 인증·검사,유해위험 기계기구,안전인증 제품제조 사업장,"사업장명, 대표자명, 사업자등록번호, 법인등록번호, 사업장업태명, 산재업종코드, 사업장근로자수, 주생산품명","사용자아이디, 사업장관리번호, 사업장관리일련번호, 사업개시번호, 대리자아이디, 통합사업장이력조회기준일시, 사업장명, 대표자명, 사업자등록번호, 법인등록번호, 사업장업태명, 산재업종코드, 사업장근로자수, 주생산품명, 사업장주소, 사업장전화번호, 사업장팩스번호, 사업장홈페이지주소, 제조공장영문명 ,제조공장영문주소, 개인정보이력일련번호, 제조업체등록여부, 방호장치보호구신청자구분코드, 제조업체등록일자",한국산업안전보건공단,유해위험기계기구 종합정보시스템
78,산업안전보건,산업안전 인증·검사,유해위험 기계기구,안전인증·검사 민원접수 처리 내역,"신청일, 기관, 지사, 노동관서, 신청구분, 심사구분, 재검사구분,수입품 여부, 심사완료일, 사업장명, 사업장 관리번호, 사업자등록번호, 제조사업장명","신청일, 기관, 지사, 노동관서, 신청구분, 심사구분, 재검사구분,수입품 여부, 심사완료일, 사업장명, 사업장 관리번호, 사업자등록번호, 제조사업장명",한국산업안전보건공단,유해위험기계기구 종합정보시스템
79,산업안전보건,산업안전 인증·검사,유해위험 기계기구,유해위험 기계기구 개별기기관리,"기기일련번호, 사업자등록번호, 대상품대분류코드, 대상품중분류코드, 기기용량코드, 기기형식번호, 대상품소분류코드","기기일련번호, 사업자등록번호, 대상품대분류코드, 대상품중분류코드, 기기용량코드, 기기형식번호, 대상품소분류코드, 서면심사신청번호, 기생심사신청번호, 제품심사신청번호, 기기용량설명, (재료,용접, 내압)희망일자, (재료,용접, 내압)접수일자, 설계검사합격번호, 합격번호, 적합여부, 수입품여부,인증검사구분",한국산업안전보건공단,유해위험기계기구 종합정보시스템
80,산업안전보건,산업안전 인증·검사,유해위험 기계기구,자율안전인증 면제 대상,"심사종류, 접수일자, 면제여부, 사업장명, 사업장관리번호, 사업자등록번호, 노동관서, 수입품여부, 국내 제조여부, 대상품코드, 심사일, 심사결과, 심사기관, 이월유무","심사종류, 접수일자, 면제여부, 사업장명, 사업장관리번호, 사업자등록번호, 노동관서, 수입품여부, 국내 제조여부, 대상품코드, 심사일, 심사결과, 심사기관, 이월유무",한국산업안전보건공단,유해위험기계기구 종합정보시스템
81,산업안전보건,산업안전 인증·검사,재해예방기관 평가,민간재해예방 평가결과 기관정보,"평가업무코드, 평가연도, 재해예방기관코드, 평가처리코드명, 평가일자, 총합점수, 총평내용, 평가등급공통코드","평가업무코드, 평가연도, 재해예방기관코드, 평가처리코드명, 평가일자, 총합점수, 총평내용, 평가등급공통코드, 평가기관책임명, 평가대상기관총괄책임자명, 차기평가연도, 확정여부, 확정일자, 이의제기일자, 조정사유내용, 최하위등급평가사유공통코드, 기타사항내용, 평가상세업무구분공통코드, 평가결과팀장승인일자, 평가결과공개승인일자",한국산업안전보건공단,K2B 시스템
82,산업안전보건,산업안전 인증·검사,홈페이지,게시판,"게시번호, 부모게시번호, 게시판 종류, 문서종류, 제목, 내용, 조회수","게시번호, 부모게시번호, 게시판 종류, 문서종류, 제목, 내용, 조회수, 게시시작일, 게시종료일, 공개여부, 삭제여부, 등록자, 등록일자, 수정자, 수정일자, 완료일자, 연결 URL ",한국산업안전보건공단,산업안전보건인증원 홈페이지
83,산업안전보건,산업재해,산업재해발생보고,산업재해조사표,"재해발생 사업장명(공사현장명), 재해발생 사업장 소재지, 재해발생 사업장 업종, 재해발생 사업장 근로자수, 재해발생 사업장 대표자, 재해발생 사업장 연락처, 처리관서, 재해자 인적사항, 재해자 국적, 재해자 입사일, 재해자 고용형태, 재해자 근무형태, 재해자 사망여부, 재해자 휴업예상일수, 발생일시, 발생장소, 작업유형, 당시상황, 재해발생원인, 발생형태, 기인물, 작업공정","재해발생 사업장명(공사현장명), 재해발생 사업장 소재지, 재해발생 사업장 업종, 재해발생 사업장 근로자수, 재해발생 사업장 대표자, 재해발생 사업장 연락처, 처리관서, 재해자 이름, 재해자 생년월일, 재해자 성별, 재해자 주소, 재해자 연락처, 재해자 국적, 재해자 입사일, 재해자 고용형태, 재해자 근무형태, 재해자 사망여부, 재해자 휴업예상일수, 발생일시, 발생장소, 작업유형, 당시상황, 재해발생원인, 발생형태, 기인물, 작업공정, 작업내용, 재발방지계획, 원도급, 사업장명, 원도급, 산재관리번호, 원도급, 사업개시번호, 파견사업주, 사업장명, 파견사업주, 산재관리번호, 파견사업주, 사업개시번호, 발주자, 원수급사업장명, 공사현장명, 공정률, 공사종류, 공사금액",고용노동부(안전보건감독기획과),근로감독행정 정보시스템(노사누리)
84,산업안전보건,산업재해,산업재해발생보고,산재발생미보고조사,"발생일시, 재해발생정보(6하원칙), 재해발생정보 재해발생원인, 재해발생정보 발생형태, 재해발생정보 기인물, 처리관서, 재해발생 사업장 정보, 재해자 정보","발생일시, 재해발생정보 어디서, 재해발생정보 누가, 재해발생정보 무엇을, 재해발생정보 어떻게, 재해발생정보 왜, 재해발생정보 재해발생원인, 재해발생정보 발생형태, 재해발생정보 기인물, 처리관서, 재해발생 사업장명, 재해발생 사업장 소재지, 재해발생 사업장 업종, 재해발생 사업장 근로자수, 재해발생 사업장 대표자, 재해자 이름, 재해자 주민등록번호, 재해자 국적, 재해자 직업, 재해자 입사일, 재해자 고용형태, 재해자 근무형태, 재해자 사망여부, 재해자 휴업예상일수, 조치대상자 이름, 조치대상자 주민등록번호, 조치대상자 주소, 조치대상자 사업장명, 조치대상자 사업장주소, 조치대상자 연락처",고용노동부(안전보건감독기획과),근로감독행정 정보시스템(노사누리)
85,산업안전보건,산업재해,산업재해조사,재해조사.중대산업재해조사,"재해종류, 재해유형, 발생장소, 발생형태, 기인물, 재해내용, 처리관서, 재해발생 사업장명, 재해발생 소재지, 업종, 재해발생 근로자수, 재해발생 대표자, 사업장명, 원청 정보, 하청정보, 재해자 정보, 조치대상자 정보, 위반법조항, 위반내용, 조치내용, 과태료부과금액","접수일자, 재해발생일자, 재해종류, 재해유형, 발생장소, 발생형태, 기인물, 재해내용, 처리관서, 재해발생 사업장명, 재해발생 소재지, 업종, 재해발생 근로자수, 재해발생 대표자, 사업장명, 원청 소재지, 원청 업종, 원청 근로자수, 원청 대표자, 원청 사업장명, 하청 소재지, 하청 업종, 하청 근로자수, 하청 대표자, 재해자 이름, 재해자 주민등록번호, 재해자 소속, 재해자 직종, 재해자 입사일자, 재해자 동종경력, 재해자 재해정도, 재해자 사망일자, 재해자 치료예상기간, 조치대상자 이름, 조치대상자 주민등록번호, 조치대상자 주소, 조치대상자 사업장명, 조치대상자 사업장주소, 조치대상자 연락처, 위반법조항, 위반내용, 조치내용, 과태료부과금액",고용노동부(안전보건감독기획과),근로감독행정 정보시스템(노사누리)
86,산업안전보건,산업재해,산업재해 통계,산재율 확인서 기안이력,"기안요청식별번호, 사업장관리번호, 문서식별번호, 문서번호, 신청일시","기안요청식별번호, 사업장관리번호, 문서식별번호, 문서번호, 신청일시, 사업개시번호, 법인등록번호, 사업장사업자등록번호, 사업장명, 토목건축등록번호, 조회기간년도수, 일반업종통계적용년월, 건설업종통계적용년도, 담당자아이디, 담당자명, 부서코드, 기인물코드명, 처리일시",한국산업안전보건공단,사업장 산업재해율 조회결과 발급시스템
87,산업안전보건,산업재해,산업재해 통계,월별 산업재해 사업장 통계,"통계기준년월, 사업장관리번호, 사업개시번호, 산재재해통계조직본부코드, 산재재해통계조직코드, 산재재해통계조직상세코드, 고용노동부본부관리지사코드, 고용노동부관리지사코드, 근복단상세관리지사코드, 사업장인원규모코드, 근로자수, 산재업종코드, 산업분류대분류코드, 산업분류중분류코드,  사업장상태코드, 공사금액","통계기준년월, 사업장관리번호, 사업개시번호, 산재재해통계조직본부코드, 산재재해통계조직코드, 산재재해통계조직상세코드, 고용노동부본부관리지사코드, 고용노동부관리지사코드, 근복단상세관리지사코드, 사업장인원규모코드, 근로자수, 산재업종코드, 산업분류대분류코드, 산업분류중분류코드,  사업장상태코드, 공사시작일자, 공사종료일자, 공사금액구간코드, 공사금액, 시군구코드, 산업분류코드, 사업장우편번호, 공사장우편번호, 사업분류코드, 사업개시상태코드, 설립일자, 소멸일자, 공사기간구간코드, 사업장고유번호,작업자규모코드",한국산업안전보건공단,산재예방정보시스템
88,산업안전보건,산업재해,산업재해 통계,월별 산업재해 재해자 통계,"통계기준년월, 확정분류코드, 원부번호, 재해자주민등록번호, 재해자명, 산재재해통계조직본부코드, 산재재해통계조직코드, 산재재해통계조직상세코드, 고용노동부본부관리지사코드, 고용노동부관리지사코드, 근복단상세관리지사코드, 사업장인원규모코드, 근로자수, 산재업종코드","통계기준년월, 확정분류코드, 원부번호, 재해자주민등록번호, 재해자명, 산재재해통계조직본부코드, 산재재해통계조직코드, 산재재해통계조직상세코드, 고용노동부본부관리지사코드, 고용노동부관리지사코드, 근복단상세관리지사코드, 사업장인원규모코드, 근로자수, 산재업종코드, 산업분류대분류코드, 산업분류중분류코드, 산업분류코드, 재해분류코드, 산재재해통계재해발생형태대분류코드, 산재재해통계재해발생형태중분류코드, 안전보건공단산재재해통계재해발생형태코드, 안전보건공단직업병대분류코드, 안전보건공단직업병중분류코드, 안전보건공단직업병소분류코드, 안전보건공단직업병코드, 연령대코드,연령값, 요양기간코드, 재해승인일자, 산재재해통계재해발생일자, 시군구코드, 근복단산재재해통계재해발생형태코드, 근복단직업병코드, 원인조사상병코드, 원인조사상병종류코드, 상해부위코드, 공사종류코드, 작업공정소분류코드, 작업내용코드, 기인물코드, 발생형태코드, 재해유형코드, 국가코드, 직종코드, 근무기간코드, 성별코드, 공사금액구간코드, 공사기간구간코드, 장해등급코드, 재해산입월코드, 사망승인일자, 장해승인일자, 채용일자, 산재재해통계재해발생월코드, 산재재해통계재해발생요일코드, 재해시간코드, 재해시간",한국산업안전보건공단,산재예방정보시스템
89,산업안전보건,산재보험,산재보험 보상,산업재해 간병급여내역,"원부번호, 접수번호, 급여구분, 민원처리구분, 처리횟수, 처리구분, 요양기간지급사유구분, 요양기간지급기타사유, 지급시작일자, 지급종료일자, 실지급일수, 적용평균임금, 계산합계금액, 지급금액, 다른배상적용금액, 부당이득충당금액, 실지급금액, 승인구분, 지급결정일자, 업종코드, 자동지급여부, 접수일자, 결재일자","최초입력자ID, 접수번호, 치료구분일자, 지급결정일련번호, 자동지급여부, 원부번호, 처리횟수, 급여구분, 민원처리구분, 처리구분, 지급시작일자, 지급종료일자, 실지급일수, 계산합계금액, 급여지급구분, 지급금액, 치료구분, 발생구분, 다른배상여부, 다른배상적용일수, 다른배상적용금액, 부당이득여부, 부당이득충당여부, 부당이득충당금액, 개산환수금액, 개산환수여부, 실지급금액, 승인구분, 부지급사유, 특이사항, 통지사항, 지급결정일자, 업종코드, 통지서발송번호, 조사횟수, 심사구분, 원처분접수번호, 적용평균임금, 정산금액, 접수일자, 자료구분, 처리지사코드, 최종변경자ID, 최초입력일시, 최종변경일시, 최초입력자IP, 최종변경자IP, 결재일자, 결재상태, 수혜코드, 대리인선임여부, 요양기간지급사유구분, 요양기간지급기타사유, 계좌정보변경여부, 자동대상여부, 차기증감일자, 간병다른배상적용금액",근로복지공단,노동보험시스템
90,산업안전보건,산재보험,산재보험 보상,산업재해 유족급여내역,"원부번호, 접수번호, 민원처리구분, 급여구분, 처리횟수, 일시금지급사유코드, 유족보상일수, 반액지급여부, 분할지급여부, 반액일시금, 처리구분, 수급권자수, 가산율, 지급시작일자, 지급종료일자, 실지급일수, 적용평균임금, 계산합계금액, 지급금액, 다른배상적용금액, 부당이득충당금액, 실지급금액, 자동지급여부, 승인구분, 지급결정일자, 업종코드, 접수일자, 결재일자","최초입력일시, 통지서발송번호, 최종변경자IP, 자동지급여부, 복수여부, 원부번호, 급여구분, 처리횟수, 민원처리구분, 접수번호, 처리구분, 지급시작일자, 지급종료일자, 실지급일수, 계산합계금액, 급여지급구분, 지급금액, 치료구분, 치료구분일자, 발생구분, 다른배상여부, 다른배상적용일수, 다른배상적용금액, 다른배상사정내역, 부당이득여부, 부당이득충당여부, 부당이득충당금액, 개산환수금액, 개산환수여부, 실지급금액, 승인구분, 부지급사유, 특이사항, 통지사항, 지급결정일자, 지급결정일련번호, 업종코드, 반액지급여부, 일시금지급사유코드, 유족보상일수, 수급권자수, 가산율, 분할지급여부, 조사횟수, 심사구분, 원처분접수번호, 적용평균임금, 반액일시금, 정산금액, 접수일자, 자료구분, 처리지사코드, 최초입력자ID, 최종변경자ID, 최종변경일시, 최초입력자IP, 결재일자, 결재상태, 복수적용평균임금, 복수지급금액, 복수비율, 복수반액일시금",근로복지공단,노동보험시스템
91,산업안전보건,산재보험,산재보험 보상,산업재해 유족보상내역,"원부번호, 접수번호, 처리횟수, 민원처리구분, 사망구분, 사망일자, 보상구분, 진폐여부, 직접사인내용, 중간사인내용, 선행사인내용, 사체부검소견, 유족존재여부, 연금개시일자, 자동대상여부, 승인구분, 결재일자","사체부검소견, 접수번호, 최초입력자IP, 원부번호, 처리횟수, 민원처리구분, 사망일자, 사망구분, 보상구분, 직접사인내용, 중간사인내용, 선행사인내용, 승인구분, 불승인사유, 처리일자, 특이사항, 통지사항, 연금증서번호, 연금증서발행일자, 연금개시일자, 자동대상여부, 처리지사코드, 최종자료여부, 심사구분, 원처분접수번호, 유족존재여부, 자료구분, 최초입력자ID, 최종변경자ID, 최초입력일시, 최종변경일시, 최종변경자IP, 결재일자, 결재상태, 진폐여부, 대리인선임여부, 개인정보제공여부, 개인정보제3자제공여부, 개인정보제공동의여부",근로복지공단,노동보험시스템
92,산업안전보건,산재보험,산재보험 보상,산업재해 장례비내역,"원부번호, 접수번호, 급여구분, 민원처리구분, 처리횟수, 처리구분, 장제실행일자, 지급시작일자, 지급종료일자, 실지급일수, 적용평균임금, 계산합계금액, 급여지급구분, 지급금액, 다른배상적용금액, 부당이득충당금액, 실지급금액, 승인구분, 지급결정일자, 업종코드, 결재일자","심사구분, 확인자성명, 승인구분, 민원처리구분, 원부번호, 급여구분, 처리횟수, 지급시작일자, 지급종료일자, 접수번호, 처리구분, 실지급일수, 계산합계금액, 급여지급구분, 지급금액, 발생구분, 다른배상여부, 다른배상적용일수, 다른배상적용금액
, 부당이득여부, 부당이득충당여부, 부당이득충당금액, 개산환수금액, 개산환수여부, 실지급금액, 부지급사유, 특이사항, 통지사항, 지급결정일자, 지급결정일련번호, 업종코드, 통지서발송번호, 조사횟수, 원처분접수번호, 적용평균임금, 정산금액, 접수일자, 장제실행일자, 확인자주민등록번호, 확인자관계코드, 자료구분, 치료구분, 치료구분일자,처리지사코드, 최초입력자ID, 최종변경자ID, 최초입력일시, 최종변경일시, 최초입력자IP, 최종변경자IP, 결재일자, 결재상태, 복수여부, 복수적용평균임금, 복수지급금액, 복수비율",근로복지공단,노동보험시스템
93,산업안전보건,산재보험,산재보험 보상,산업재해 장해급여내역,"원부번호, 접수번호, 급여구분, 처리횟수, 처리구분, 선급구분, 일시금지급구분, 선급년수, 선급금액, 지급시작일자, 지급종료일자, 실지급일수, 적용평균임금, 계산합계금액, 지급금액, 다른배상적용금액, 부당이득충당금액, 이자공제금액, 실지급금액, 자동지급여부, 상이재해여부, 승인구분, 지급결정일자, 업종코드, 접수일자, 지급결정일자, 결재일자","특이사항, 선급금액, 통지서발송번호, 최종변경자IP, 지급종료일자, 원처분접수번호, 수정사유, 복수적용평균임금, 선급구분, 치료구분일자, 원부번호, 급여구분, 처리횟수, 장해횟수, 접수번호, 처리구분, 지급시작일자, 실지급일수, 계산합계금액, 급여지급구분, 지급금액, 치료구분, 발생구분, 다른배상여부, 다른배상적용일수, 다른배상적용금액, 부당이득여부, 부당이득충당여부, 부당이득충당금액, 개산환수금액, 개산환수여부, 이자공제금액, 실지급금액, 승인구분, 부지급사유, 통지사항, 지급결정일자, 지급결정일련번호, 업종코드, 자동지급여부, 일시금지급구분, 선급년수, 심사구분, 적용평균임금, 접수일자, 자료구분, 부당이득충당원부번호, 처리지사코드, 최초입력자ID, 최종변경자ID, 최초입력일시, 최종변경일시, 최초입력자IP, 결재일자, 결재상태, 복수여부, 복수지급금액, 복수비율, 상이재해여부, 계좌정보변경여부",근로복지공단,노동보험시스템
94,산업안전보건,산재보험,산재보험 보상,산업재해 장해판정내역,"원부번호, 접수번호, 민원처리구분, 처리구분, 장해횟수, 장해폐질구분, 치유일자, 등급산정구분, 장해등급, 적용시작일자, 적용종료일자, 보상구분, 연금개시일자, 연금시작일자, 연금종료일자, 선급여부, 선급년수, 연금일수, 일시금일수, 합병증구분, 진폐여부, 기초연금여부, 자동대상여부, 승인구분, 최종자료여부, 기존장해등급, 이전장해등급, 결재일자","구간횟수, 연금개시일자, 연금시작일자, 합병증구분, 보상구분, 원부번호, 수시자문여부, 최초입력자ID, 자문여부, 치유일자, 선급여부, 확인방법구분, 장해폐질구분, 장해횟수,처리구분, 접수번호, 민원처리구분, 연금증서번호, 연금증서발행일자, 적용시작일자, 적용종료일자,등급산정구분, 장해등급, 선급년수 ,연금일수, 일시금일수, 자동대상여부, 승인구분, 불승인사유, 의료기관번호, 의사성명, 진단일자, 특이사항, 통지사항, 처리일자, 최종자료여부, 기존장해등급, 이전장해등급, 자료구분, 심사구분, 원처분접수번호, 폐질내용, 처리지사코드, 연금종료일자, 최종변경자ID, 최초입력일시, 최종변경일시, 최초입력자IP, 최종변경자IP, 결재일자, 결재상태, 기초연금여부, 진폐여부, 전문위원자문여부, 상시자문여부, 대리인선임여부, 반려구분, 자문회의여부, 개최일자, 연금분할여부, 분할종료일자,진폐요양중장해최초여부, 부당이득미결정여부, 부정수급사건번호",근로복지공단,노동보험시스템
95,산업안전보건,산재보험,산재보험 보상,산업재해 직업훈련수당,"재해자 인적사항, 장해급여, 진폐보상연금, 직업훈련기관, 훈련기간, 훈련중 수당 수급기간, 출석률, 훈련생 계좌정보","재해자 인적사항, 장해급여, 진폐보상연금, 직업훈련기관, 훈련기간, 훈련중 수당 수급기간, 출석률, 훈련생 계좌정보",근로복지공단,노동보험시스템
96,산업안전보건,산재보험,산재보험 보상,산업재해 직장복귀지원금 등,"재해자 인적사항, 사업장명, 법인번호, 본사(지사)구분, 관리번호, 소재지, 상시근로자수, 등록장애인수, 원직복귀일, 사업장 계좌번호","재해자 인적사항, 대표자 인적사항, 사업장명, 법인번호, 사업자등록번호, 본사(지사)구분, 관리번호, 사업장 소재지, 상시근로자수, 등록장애인 여부, 원직복귀일, 사업장 계좌번호",근로복지공단,노동보험시스템
97,산업안전보건,산재보험,산재보험 보상,산업재해 휴업상병급여내역,"원부번호, 접수번호, 급여구분, 처리횟수, 민원처리구분, 처리구분, 청구시작일자, 청구종료일자, 청구일수, 지급시작일자, 지급종료일자, 지급일수, 실지급일수, 적용평균임금, 계산합계금액, 지급금액, 실지급금액, 다른배상적용금액, 부당이득충당금액, 취업제한일수, 지급제한일수, 중증요양상태등급, 중증요양상태판정횟수, 연금일수, 승인구분, 자동지급여부, 자동대상여부, 요양구분, 업종코드, 접수일자, 지급결정일자, 결재일자","개최일자, 부당이득충당금액, 원부번호, 급여구분, 처리횟수, 민원처리구분, 접수번호, 처리구분, 청구시작일자, 청구종료일자, 청구일수, 지급시작일자, 지급종료일자, 지급일수, 실지급일수, 적용평균임금, 계산합계금액, 지급금액, 실지급금액, 당일지급여부, 재요양시작일자, 발생구분, 다른배상여부, 다른배상적용일수, 다른배상적용금액, 부당이득여부, 부당이득충당원부번호, 부당이득충당여부, 개산환수여부, 개산환수금액, 취업제한일수, 지급제한일수, 최저계산금액, 폐질등급, 폐질판정횟수, 연금일수, 선지급구분, 이자공제금액, 치유여부, 취업여부, 승인구분, 부지급사유, 특이사항, 통지사항, 자동지급여부, 자동대상여부, 요양구분, 업종코드, 접수일자, 지급결정일자, 지급결정일련번호, 심사구분, 원처분접수번호, 통지서발송번호, 변경여부, 변경구분, 치료구분, 치료구분발생일자, 처리지사코드, 자료구분, 최초입력자ID, 최종변경자ID, 최초입력일시, 최종변경일시, 최초입력자IP, 최종변경자IP, 결재일자, 결재상태, 차기증감일자, 사업자지급여부, 원직복귀여부, 복수여부, 복수적용평균임금, 복수지급금액, 복수비율, 치유일자, 자문회의여부, 직장적응훈련여부, 보험급여제한여부, 받은금액, 일받은금액, 제외금액, 복수제외금액, 대리인선임여부, 계좌정보변경여부, 중복지급확인여부",근로복지공단,노동보험시스템
98,산업안전보건,산재보험,산재보험 보상,재해자 최초요양(처리현황),"재해근로자 인적사항, 재해발생형태구분, 직업병구분, 직업병중분류구분, 상병종류구분, 의료기관구분, 업종코드, 업종명, 직종명, 직종코드, 국적, 성별","관리번호, 재해근로자 생년월일, 재해근로자명, 재해일자, 재해발생형태구분, 직업병구분, 직업병중분류구분, 상병종류구분, 초진일자, 의료기관구분, 의료기관번호, 사업개시번호, 중소기업사업자여부, 업종코드, 업종명, 직종명, 직종코드, 해외파견여부, 채용일자, 국적, 성별",근로복지공단,노동보험시스템
99,산업안전보건,산재보험,산재보험 보상,공단 직영병원 의료정보,"환자번호, 처방일시, 처방일련번호, 진단코드, 
다중유형코드, 진단명, 주상병여부, 확정상병여부, 진료과코드","환자번호, 처방일시, 처방일련번호, 진단코드, 다중유형코드, 진단명, 주상병여부, 
확정상병여부, 진료과코드, 임상기록지작성확정여부, 수술후상병여부, 만성질환여부,상병ICD10코드, 종료일시, 임상진단코드, 작업자, 작업일시, 지병구분, 환자구분, 원무접수일시",근로복지공단,통합의료정보시스템
100,산업안전보건,산재보험,산재보험 심사결정,산재보험 심사결정,"청구인, 대리인 주민등록번호, 연락처, 주소, 청구취지, 원처분의견서, 증거서류, 심의안, 심리조서, 심사결정이유, 심사결정서","청구인, 대리인 주민등록번호, 연락처, 주소, 청구취지, 원처분의견서, 증거서류, 심의안, 심리조서, 심사결정이유, 심사결정서, 심사결정 쟁점유형, 심사결정내용, 결정일자, 심사청구일자, 심사청구서 진달일",근로복지공단,노동보험시스템
101,산업안전보건,산재보험,산재보험 적용징수,"산재보험 보험료(자진신고,부과고지)","산재(고용)업종코드, 총상시인원, 상시인원, 산재(고용)성립일, 사업구분, 보수총액, 산재요율, 산재보험료, 실업급여보험료, 임금채권경감, 출퇴근재해비율, 석면요율, 납부기한, 매월말근로자수","관리번호, 사업장명,  사업장주소, 사업장전화번호, 산재(고용)업종코드, 총상시인원, 상시인원, 산재(고용)성립일, 사업구분, 보수총액, 산재요율, 산재보험료, 실업급여보험료, 임금채권경감, 출퇴근재해비율, 석면요율, 납부기한, 매월말근로자수",근로복지공단,가입부과신정보시스템
102,산업안전보건,산재보험,산재보험 적용징수,산재보험 사업장,"관리번호, 사업장명,  사업장주소, 사업장전화번호, 산재(고용)업종코드, 총상시인원, 상시인원, 산재(고용)성립일, 사업구분","관리번호, 사업장명,  사업장주소, 사업장전화번호, 산재(고용)업종코드, 총상시인원, 상시인원, 산재(고용)성립일, 사업구분, 고용보험료지원신청여부, 사업자등록번호(법인번호), 본지사구분, 대규모기업여부, 대표자주민번호, 사무대행기관번호, 동일위험사업장유무, 산재(고용)소멸일, 임금채권성립일, 임채구분, 미가입재해여부, 고용(산재)제외여부, 석면여부",근로복지공단,가입부과신정보시스템
103,산업안전보건,산재보험,산재보험 적용징수,산재보험 피보험자,"관리번호, 주민번호, 성명, 취득일자, 상실일자, 상실사유구분, 보수총액, 근무년월, 근로일수, 일평균근로시간, 산재(고용)직종구분, 보험료부과구분","관리번호, 주민번호, 성명, 취득일자, 상실일자, 상실사유구분, 보수총액, 근무년월, 근로일수, 일평균근로시간, 산재(고용)직종구분, 보험료부과구분, 주소, 외국인여부, 국적구분, 체류자격구분, 휴직시작/종료일, 전근일, 일용근무일",근로복지공단,가입부과신정보시스템
104,산업안전보건,산재보험,산재지정 의료기관,산재지정 의료기관 ,"관할지사, 총계, 의과(상급종합, 종합, 병원, 정신병원, 의원, 치과병원, 치과의원, 요양병원), 한의과(병원, 의원)","관할지사, 총계, 의과(상급종합, 종합, 병원, 정신병원, 의원, 치과병원, 치과의원, 요양병원), 한의과(병원, 의원)",근로복지공단,노동보험시스템
105,일자리,건설근로자,건설근로자 구인·구직,일자리정보,"사업체명, 사업자등록번호, 대표자, 소재지, 업종, 사업내용, 근로자 수, 채용제목, 공사명, 모집직종, 모집인원, 직무내용, 채용기간, 경력, 자격면허, 기술·기능 정도, 근무예정지, 근무시간, 임금지급일, 임금액, 고용 형태","사업체명, 사업자등록번호, 대표자, 소재지, 업종, 사업내용, 근로자 수, 채용제목, 공사명, 모집직종, 모집인원, 직무내용, 채용기간, 경력, 자격면허, 기술·기능 정도, 근무예정지, 근무시간, 임금지급일, 임금액, 고용 형태",건설근로자공제회,건설e음
106,일자리,건설근로자,건설근로자 구인·구직,인재정보,"성명, 주민등록번호, 주소, 휴대전화, 희망직종, 희망지역, 기술·기능정도, 희망임금","성명, 주민등록번호, 주소, 휴대전화, 희망직종, 희망지역, 기술·기능정도, 희망임금",건설근로자공제회,건설e음
107,일자리,고용보험,고용보험 적용징수,고용보험 보험료,"사업장명, 산재(고용)업종코드, 총상시인원, 보수총액, 실업급여보험료, 고용안정직업능력보험료, 실업급여요율, 고용안정직업능력요율","관리번호, 사업장명, 사업장주소, 사업장전화번호, 산재(고용)업종코드, 총상시인원, 상시인원, 산재(고용)성립일, 사업구분, 보수총액, 실업급여보험료, 고용안정직업능력보험료, 임금채권경감, 출퇴근재해비율, 실업급여요율, 고용안정직업능력요율, 납부기한, 매월말근로자수",근로복지공단,가입부과신정보시스템
108,일자리,고용보험,고용보험 적용징수,고용보험 사업장정보,"관리번호, 사업장명, 사업장주소, 사업장전화번호, 산재(고용)업종코드, 총상시인원, 상시인원, 산재(고용)성립일, 사업구분, 고용보험료지원신청여부","관리번호, 사업장명, 사업장주소, 사업장전화번호, 산재(고용)업종코드, 총상시인원, 상시인원, 산재(고용)성립일, 사업구분, 고용보험료지원신청여부, 사업자등록번호(법인번호), 본지사구분, 대규모기업여부, 대표자주민번호, 사무대행기관번호, 동일위험사업장유무, 산재(고용)소멸일, 임금채권성립일, 임채구분, 미가입재해여부, 고용(산재)제외여부, 석면여부",근로복지공단,가입부과신정보시스템
109,일자리,고용보험,고용보험 적용징수,고용보험 피보험자,"관리번호, 주민번호, 성명, 취득일자, 상실일자, 상실사유구분, 보수총액, 근무년월, 근로일수, 일평균근로시간, 산재(고용)직종구분","관리번호, 주민번호, 성명, 취득일자, 상실일자, 상실사유구분, 보수총액, 근무년월, 근로일수, 일평균근로시간, 산재(고용)직종구분, 보험료부과구분, 주소, 외국인여부, 국적구분, 체류자격코드, 휴직시작일, 휴직종료일, 전근일, 일용근무일",근로복지공단,가입부과신정보시스템
110,일자리,고용보험,고용보험 고용안정지원,고용안정지원금,"지원금접수번호, 대상자고객번호, 소속사업장고객번호, 지원금구분코드,지원금구분코드명,지원금신청금액, 지원금신청인원수, 기금결재일자, 지급구분, 지급형태코드, 업종코드, 실지급액, 상계세입금액, 상계여입금액, 상계처리검토내역, 지원금액, 지원인원수, 결의서번호, 대규모기업구분, 피보험자수, 상시근로자수","지원금접수번호, 대상자고객번호, 소속사업장고객번호, 지원금구분코드,지원금구분코드명, 지원금신청금액, 지원금신청인원수, 기금결재일자, 지급구분, 지급형태코드, 업종코드, 실지급액, 상계세입금액, 상계여입금액, 상계처리검토내역, 지원금액, 지원인원수, 결의서번호, 대규모기업구분, 피보험자수, 상시근로자수, 세입처리여부, 징수요청번호, 회수횟수, 추가회수사유, 일부부지급사유, 보완차수, 세입금액, 여입금액, 기지급추가인원수, 기지급추가금액, 기지급추가시설금액, 미신청추가인원수, 미신청추가금액, 미신청추가시설금액, 신청단위구분, 신청시작년도, 신청시작분기월, 신청종료년도, 신청종료분기월, 신청순번, 업종차수, 신고접수번호, 기관일련번호, 계좌번호ID, 사업장담당자명, 사업장담당자전화번호, 사업장담당자휴대전화번호, OCR출력수, 사업장담당자이메일, 부모지원금접수번호, 신청등록여부, 지원금, 구분, 사업장담당자팩스번호, 지급한도초과금액, 사업주명, 사업주주민등록번호",한국고용정보원,고용보험시스템
111,일자리,고용보험,고용보험 고용안정지원,청년 고용안정지원금,"지원금접수번호, 대상자고객번호, 소속사업장고객번호, 지원금구분코드,지원금구분코드명,지원금신청금액, 지원금신청인원수, 기금결재일자, 지급구분, 지급형태코드, 업종코드, 실지급액, 상계세입금액, 상계여입금액, 상계처리검토내역, 지원금액, 지원인원수, 결의서번호, 대규모기업구분, 피보험자수, 상시근로자수","지원금접수번호, 대상자고객번호, 소속사업장고객번호, 지원금구분코드,지원금구분코드명, 지원금신청금액, 지원금신청인원수, 기금결재일자, 지급구분, 지급형태코드, 업종코드, 실지급액, 상계세입금액, 상계여입금액, 상계처리검토내역, 지원금액, 지원인원수, 결의서번호, 대규모기업구분, 피보험자수, 상시근로자수, 세입처리여부, 징수요청번호, 회수횟수, 추가회수사유, 일부부지급사유, 보완차수, 세입금액, 여입금액, 기지급추가인원수, 기지급추가금액, 기지급추가시설금액, 미신청추가인원수, 미신청추가금액, 미신청추가시설금액, 신청단위구분, 신청시작년도, 신청시작분기월, 신청종료년도, 신청종료분기월, 신청순번, 업종차수, 신고접수번호, 기관일련번호, 계좌번호ID, 사업장담당자명, 사업장담당자전화번호, 사업장담당자휴대전화번호, OCR출력수, 사업장담당자이메일, 부모지원금접수번호, 신청등록여부, 지원금, 구분, 사업장담당자팩스번호, 지급한도초과금액, 사업주명, 사업주주민등록번호",한국고용정보원,고용보험시스템
112,일자리,고용보험,고용보험 고용안정지원,출산육아기 고용안정지원금,"지원금접수번호, 대상자고객번호, 소속사업장고객번호, 지원금구분코드,지원금구분코드명,지원금신청금액, 지원금신청인원수, 기금결재일자, 지급구분, 지급형태코드, 업종코드, 실지급액, 지원금액, 지원인원수, 결의서번호, 대규모기업구분, 피보험자수, 상시근로자수","지원금접수번호, 대상자고객번호, 소속사업장고객번호, 지원금구분코드,지원금구분코드명, 지원금신청금액, 지원금신청인원수, 기금결재일자, 지급구분, 지급형태코드, 업종코드, 실지급액, 상계세입금액, 상계여입금액, 상계처리검토내역, 지원금액, 지원인원수, 결의서번호, 대규모기업구분, 피보험자수, 상시근로자수, 세입처리여부, 징수요청번호, 회수횟수, 추가회수사유, 일부부지급사유, 보완차수, 세입금액, 여입금액, 기지급추가인원수, 기지급추가금액, 기지급추가시설금액, 미신청추가인원수, 미신청추가금액, 미신청추가시설금액, 신청단위구분, 신청시작년도, 신청시작분기월, 신청종료년도, 신청종료분기월, 신청순번, 업종차수, 신고접수번호, 기관일련번호, 계좌번호ID, 사업장담당자명, 사업장담당자전화번호, 사업장담당자휴대전화번호, OCR출력수, 사업장담당자이메일, 부모지원금접수번호, 신청등록여부, 지원금, 구분, 사업장담당자팩스번호, 지급한도초과금액, 사업주명, 사업주주민등록번호",한국고용정보원,고용보험시스템
113,일자리,고용보험,고용보험 부정수급,고용보험 부정수급,"사업자등록번호, 사업장고객번호, 사업장관리번호, 사업장명, 고객명, 고객번호, 부정수급처분여부, 사건접수일자, 적발유형코드, 부정수급사유코드, 부정수급상세사유, 부정수급유형","사업자등록번호, 사업장고객번호, 사업장관리번호, 사업장명, 고객명, 고객번호, 부정수급처분여부, 사건접수일자, 적발유형코드, 부정수급사유코드, 부정수급상세사유, 부정수급유형, 신고내역, 신고내역내용, 신고내용, 신고년월, 신고방법코드, 신고변경일시, 신고분기, 신고서감원처리구분, 신고인고객번호, 신고인기본주소, 신고인동의방법내용, 신고인동의여부, 신고인명, 신고인상세주소, 신고인생년월일, 신고인성명, 신고인순번, 신고인연락처ID, 신고인우편번호, 신고인전화번호, 신고인휴대전화번호, 신고일자, 신고자ID, 신고자기관코드, 신고자성명, 신고자순번, 신고자안내내용, 신고자처리상태코드, 신고처리상태코드, 신규수사지휘서접수구분코드, 신청대상구분, 신청사유내용, 실사유형, 실사유형사유, 실사유형사유내용, 실사유형코드, 실사처리기관일련번호, 실사처리사유, 실사처리일자, 실제포상금액, 심사결과구분, 심사결과일자, 심사등록일자, 심사만료일자, 심사불가사유, 압수대상물품, 압수대상자명, 압수수색검증대상정보, 압수수색일자, 연대책임고객번호, 연대책임구분, 연대책임순번, 연대책임연락처ID, 연대책임유무, 연장건의번호, 연장기일, 연장사유, 연장요청사유, 영장구분, 영장발부번호, 영장신청사유, 영장유효일자, 영장진행번호, 영장집행일자, 영장집행장소, 영장처리결과, 예금주명, 예정일자, 온나라문서번호, 외부공조구분, 요청허가법원, 원공소시효일자, 위반법규내용, 유예사유, 유예시작일자, 유예종료일자, 유예형명, 은행명, 의심자, 고객번호, 의심자조사구분, 이관번호, 이관사유, 이관사유내용, 이송기관일련번호, 이송사건주소, 이송사유, 이송일자, 익명신고경로코드, 익명신고접수번호, 인지경위, 인치구금장소, 인치일시, 인치장소, 입감의뢰일시, 입감조치일련번호, 재기구분, 재기소사건등록여부, 재범우려여부, 재신청사유, 적발유형명, 적발유형상세설명, 적발유형설명, 적발유형적용시작일자, 적발유형적용종료일자, 적발유형코드, 적발일련번호, 적부심사기관명, 적용제외시작일자, 적용제외종료일자, 제한구분코드, 조사결과내용, 조사내역, 조사내용, 조사복명결과내용, 조사복명명, 조사복명시작일자, 조사복명종료일자, 조사시작일자, 조사유형코드, 조사일자, 조사자의견내용, 조사자직무명, 조사자확인내용, 조사점검대상, 조사종료일자, 조치구분, 조치내용, 조치일련번호, 조치일자, 조회사유내용, 조회일자, 종결구분, 종료일자, 종별변경전수배구분, 죄명, 죄명코드, 주거지연락처ID, 준비서류명, 중도탈락일자, 중복기간시작일자, 중복기간종료일자, 중복수혜적발구분, 중복일수, 중지이후반환액, 즉결심판구분내용, 즉시감면액, 즉시납부약속여부, 증가액, 증감반환액, 증감사유, 증감사유코드, 증감순번, 증감액, 증거물, 지급제한부정여부, 지급제한사업주공모여부, 지급제한사유코드, 지급제한상세내용, 지급제한시작일자, 지급제한종료일자, 지급종료일자, 지급횟수, 지명수배요청여부, 지명수배조치일련번호, 지문번호, 지문송부번호, 지시완료일자, 지시일자, 집행일시, 집행장소, 징수결정액, 징수반환금액, 징수요청번호, 징수요청순번, 참고사항내용, 참고인고객번호, 참고인고객연락처ID, 참고인성명, 참고인순번, 참고인우려여부, 참고인중지구분, 처리기한연장횟수, 처리기한일자, 처리내용, 처리사유, 처리상태코드, 처분내용, 처분순위값, 처분일자, 처분죄명, 처분취소사유코드, 처분취소상세사유, 처분취소일자, 첨부내용, 체류기간, 체포일시, 체포장소, 추가송치번호, 추가송치일자, 추가증거물, 추가징수액, 추가징수여부, 추가징수코드, 출석결과, 출석요구일시, 출석일자, 출석자고객번호, 출석자구분, 출석자주소구분, 출석통지방법, 출입국진행번호, 출장기간시작일자, 출장기간종료일자, 출장목적내용, 출장자성명, 출장지세부주소, 출장지우편번호, 출장지주소, 취득인원수, 취소액, 취소여부, 취소일자, 통보경찰서명, 통보구분, 통보일자, 통신사실확인자료진행번호, 통신시설요청결과, 통신시설요청대상, 통신시설요청범위, 통신시설요청집행기관명, 통지정보, 특이사유, 팩스번호, 포상금액, 포상금액지급여부, 포상여부, 포상처리상태코드, 피고인고객번호, 피고인구분, 피고인내역, 피고인명, 피고인명변경여부, 피고인순번, 피고인통계표번호, 피의자성명, 피해사실요지, 필요자료범위, 형량단기년도, 형량단기월값, 형량면제여부, 형량장기년도, 형량장기월값, 형량형명, 형사고발구분, 코드, 형사고발대상_기타사유, 형사고발대상_대표자명, 형사고발대상_훈련기관, 형사고발사유_기타사유, 형사고발사유코드, 형사고발일자, 형사고발조치결과내용, 홈페이지계좌번호, 홈페이지부정수급기본주소, 홈페이지부정수급상세주소, 홈페이지부정수급우편번호, 홈페이지부정수급이동전화번호, 홈페이지부정수급자명, 홈페이지부정수급전화번호, 홈페이지신고내용, 홈페이지예금주명, 홈페이지은행코드, 확정반환명령액, 확정부정수급건수, 확정부정수급액, 확정일자, 환수액, 휴업시작일자, 휴업종료일자, 휴직구분코드, 휴직사유코드, 휴직시작일자, 휴직종료일자",한국고용정보원,고용보험시스템
114,일자리,고용보험,고용보험 실업급여,실업급여 수급자격,"수급자격유형, 장애인여부, 자격취득일자, 피보험기간, 소정근로시간, 소정급여일수, 수급기간만기일자, 최초실업인정일자, 급여기초임금일액, 수급자격인정여부, 일용직근무일수, 피보험기간시작일자, 피보험기간종료일자","수급자격접수번호, 수급자격신청일자, 고객번호, 수급자격유형, 장애인여부, 구직번호코드, 고용보험자격취득일자, 이전이직사업장고객번호, 피보험기간, 피보험단위기간, 소정근로시간, 소정급여일수, 수급기간만기일자, 최초실업인정일자, 급여기초임금일액, 수급자격인정여부, 일용직근무일수, 피보험기간시작일자, 피보험기간종료일자, 이직일, 대기일수, 다음실업인정일자, 이직사유, 이직사유코드, 수급자격처리기관일련번호, 구직급여일액, 실업크레딧 여부",한국고용정보원,고용보험시스템
115,일자리,고용보험,고용보험 실업급여,실업급여 실업인정,"수급자격접수번호, 민원접수번호, 고객번호, 계좌번호ID, 급여지급코드, 급여예외구분, 실업인정일자, 지급결정일자, 인정시작일자, 인정종료일자, 다음실업인정일자, 구직급여지급액","수급자격접수번호, 민원접수번호, 고객번호, 계좌번호ID, 급여지급코드, 급여예외구분, 실업인정일자, 지급결정일자, 인정시작일자, 인정종료일자, 다음실업인정일자, 구직급여지급액, 실업인정일수, 인정여부, 실업인정차수, 신청경로코드, 처리기관일련번호",한국고용정보원,고용보험시스템
116,일자리,고용보험,고용보험 심사?심판,고용보험 심사청구 결정,"결정구분, 심사구분, 원처분내용, 원처분고지여부, 원처분고지내용, 결정인지일자, 결정서수신일자, 심사관고지여부, 심사관고지내용","심사청구접수번호, 심사구분, 청구인고객번호, 심사청구일자, 대리인유무, 대리인고객번호, 청구취지내용, 청구사유, 원처분일자, 원처분인지일자, 원처분내용, 원처분고지여부, 원처분고지내용, 결정인지일자, 결정서수신일자, 심사관고지여부, 심사관고지내용, 취하일자, 취하사유, 반려일자, 반려사유, 사건번호, 결정일자, 결정구분, 결정서접수번호, 이송일자, 이송사유, 발송일자, 수신일자",한국고용정보원,고용보험시스템
117,일자리,고용보험,고용보험 심사?심판,고용보험 행정소송,"행정소송청구일자, 원처분일자, 판결일자, 사건명","행정소송접수번호, 행정소송청구일자, 원처분일자, 원처분인지일자, 행정소송근거접수번호, 청구인고객번호, 사업장고객번호, 피고인고객번호, 원고인고객번호, 원고사업장고객번호, 판결일자, 사건번호, 사건명",한국고용정보원,고용보험시스템
118,일자리,고용보험,고용보험 심사?심판,고용보험 행정심판,"행정심판접수번호, 행정심판청구일자, 청구인고객번호, 사업장고객번호, 피고인고객번호, 원고인고객번호, 판결일자, 종료여부, 원처분접수번호, 원처분일자, 원처분인지일자, 원처분내","행정심판접수번호, 행정심판청구일자, 청구인고객번호, 사업장고객번호, 피고인고객번호, 원고인고객번호, 판결일자, 종료여부, 원처분접수번호, 원처분일자, 원처분인지일자, 원처분내용, 사건번호, 사건명, 원고사업장고객번호",한국고용정보원,고용보험시스템
119,일자리,고용보험,모성보호 육아지원,모성보호 육아지원,"사업장명, 사업장관리번호, 사업장주소, 전화번호(사업장), 근로자, 성명, 주민등록번호(근로자), 전화번호(근로자), 자녀, 성명, 주민등록번호(자녀), 출산휴가/육아휴직/단축근로, 부여기간, 출산일, 급여, 신청기간, 통상임금, 단축, 전/후, 소정근로시간, 지급결정액, 지급처리기관, 지급결정일자",사업장명 사업장관리번호 사업장주소 전화번호(사업장) 근로자 성명 주민등록번호(근로자) 전화번호(근로자) 자녀 성명 주민등록번호(자녀) 출산휴가/육아휴직/단축근로 부여기간 출산일 급여 신청기간 조기복직일자 다태아여부 통상임금 단축 전/후 소정근로시간 지급결정액 지급처리기관 지급결정일자,한국고용정보원,고용보험시스템
120,일자리,사회적기업,사회적기업 육성,부정수급내역,"기업명, 사업명, 분야, 지원금총액, 부정수급액, 환수액, 부정수급내역, 환수처분 정보, 형사고발여부, 미환수사유, 적발경위, 부정수급 발생일","기업명, 사업명, 분야, 지원금총액, 부정수급액, 환수액, 부정수급내역, 환수처분 정보, 형사고발여부, 미환수사유, 적발경위, 부정수급 발생일, 사업자등록번호, 고용보험관리번호, 사업장관리번호, 인증(지정) 정보, 부정수급 국비, 부정수급 지방비, 수행배제 일자, 지급제한 정보, 등록 정보, 수정 정보",한국사회적기업진흥원,통합사업관리시스템
121,일자리,사회적기업,사회적기업 육성,사업개발비사업,"사업명, 사업시작일, 사업종료일, 사업비총액, 보조금총액, 자체부담총액, 사업목적, 추진실적, 상세사업성과, 사업추진성과, 제출일자, 신청전월상시근로자수, 신청전월매출금액, 종료전월상시근로자수, 종료전월매출금액, 보조금 정보, 자체부담금 정보","사업명, 사업시작일, 사업종료일, 사업비총액, 보조금총액, 자체부담총액, 사업목적, 추진실적, 상세사업성과, 사업추진성과, 제출일자, 신청전월상시근로자수, 신청전월매출금액, 종료전월상시근로자수, 종료전월매출금액, 보조금 정보, 자체부담금 정보",한국사회적기업진흥원,통합사업관리시스템
122,일자리,사회적기업,사회적기업 육성,사회보험료지원사업,"지원기관명, 지원내용, 지원인원수, 지원금액, 재정지원사업 참여여부","지원기관명, 지원내용, 지원인원수, 지원금액, 참여시작일, 참여종료일, 지급일, 사업심사일, 회수일, 회수금액, 회수사유, 지급취소일, 지급취소사유, 지급보류사유, 재정지원사업 참여여부, 이자 발생비, 추가지원금",한국사회적기업진흥원,통합사업관리시스템
123,일자리,사회적기업,사회적기업 육성,사회적기업가 육성사업,"법인명, 근로자수, 전체근로자수, 전년매출액, 인증사회적기업업종, 창업팀명, 대면심사정보, 서류심사정보, 소셜미션, 사업분야, 주업종, 부업종, 지역(예비)사업장 소재지","법인명, 법인등록번호, 근로자수, 전체근로자수, 전년매출액, 인증사회적기업업종, 전화번호, 창업팀명, 대표자정보, 대면심사정보, 서류심사정보, 소셜미션, 사업분야, 주업종, 부업종, 지역(예비)사업장 소재지, 현재 창업여부, 창업형태, 창업일자, 사업자등록번호, 창업팀 생성기수, 육성사업 접수번호, 소셜벤처 접수번호, 아이템명, 홈페이지 주소, 주요 사회적목적",한국사회적기업진흥원,통합사업관리시스템
124,일자리,사회적기업,사회적기업 육성,일자리창출사업,"배정인원수, 목표매출금액, 국고이자 발생정보, 수입금, 지출금, 이익금, 추진실적, 제출일자, 사업내용","책임자명, 사업시작일, 사업종료일, 배정인원수, 목표매출금액, 국고이자 발생정보, 수입금, 지출금, 이익금, 추진실적, 제출일자, 사업내용, 주민번호, 성별, 이름, 취약계층구분코드, 근무시작일, 근무종료일, 채용일, 중도탈락일, 중도탈락사유, 선발일자",한국사회적기업진흥원,통합사업관리시스템
125,일자리,사회적기업,사회적기업 육성,전문인력지원사업,"당월집행액, 당월지원금신청액, 반납 지원금, 추가 지원금","지원금신청년일, 당월집행액, 당월지원금신청액, 지급일, 계좌번호, 은행명, 예금주, 재정지원년차수, 반납 지원금, 이자 발생비, 추가 지원금, 신청기업명, 대표자명, 연락처, 사업자등록번호, 우편번호, 주소",한국사회적기업진흥원,통합사업관리시스템
126,일자리,사회적기업,사회적기업 육성,지역특화사업,"사업명, 사업비총액, 보조금총액, 자체부담총액, 사업목적, 추진실적, 사업추진성과, 제출일자, 보조금 정보, 자체부담금 정보, 상세사업성과, 자체평가","특화사업번호, 사업명, 사업시작일, 사업종료일, 사업비총액, 보조금총액, 자체부담총액, 사업목적, 추진실적, 사업추진성과, 제출일자, 보조금 정보, 자체부담금 정보, 상세사업성과, 자체평가",한국사회적기업진흥원,통합사업관리시스템
127,일자리,사회적기업,사회적기업 육성,컨설팅사업,"컨설팅 업체명, 컨설팅 주제, 컨설턴트 정보, 승인상태, 승인일자, 신청년도, 신청차수, 자산총계, 경상이익, 경상이익률, 자본총계, 부채총계, 부채비율, 3년간 실적수, 3년간 실적금액, 전문분야","컨설팅 업체명, 컨설팅 시작일자, 컨설팅 종료일자, 컨설팅 주제, 컨설팅 수행금액, 컨설턴트 정보, 승인상태, 승인일자, 신청년도, 신청차수, 자산총계, 경상이익, 경상이익률, 자본총계, 부채총계, 부채비율, 3년간 실적수, 3년간 실적금액, 전문분야, 총괄 책임자 정보, 과제 책임자 정보, 회사명, 사업자등록번호, 대표자, 설립년도, 우편번호, 주소",한국사회적기업진흥원,통합사업관리시스템
128,일자리,사회적기업,사회적기업 정보,사회적기업 이러닝,"컨텐츠종류, 과정명, 학습목표, 학습대상, 학습분량, 내용구성, 학습운영원칙, 진도율, 수료증 발급여부, 학습시간, 수료기준점수, 형성평가, 최종평가, 학습참여도, 폐강여부","컨텐츠종류, 과정명, 학습목표, 학습대상, 학습분량, 내용구성, 학습운영원칙, 진도율, 수료증 발급여부, 학습시간, 수료기준점수, 형성평가, 최종평가, 학습참여도, 폐강여부",한국사회적기업진흥원,통합사업관리시스템
129,일자리,사회적기업,사회적기업 정보,사회적기업 현황,"기관명, 지정시작일, 지정종료일, 소재지, 사업내용, 사회적목적구분, 전체근로자, 자체근로자, 일자리창출참여근로자, 취약계층근로자, 조직형태, 인·지정현황","기관명, 고용보험관리번호, 사업자등록번호, 지정시작일, 지정종료일, 대표자, 전화번호, 소재지, 사업내용, 사회적목적구분, 전체근로자, 자체근로자, 일자리창출참여근로자, 취약계층근로자, 조직형태, 인·지정현황, 중도탈락사유, 인증일자사유, 기업아이디, 상위부서코드, 부서코드, 연번",한국사회적기업진흥원,통합사업관리시스템
130,일자리,사회적기업,사회적기업 정보,성장지원센터,"운영센터, 운영지원기관 시작일자, 운영지원기관 종료일자, 입주기업 정보, 총괄책임자 정보, 실무담당자 정보, 소재지, 설립년도, 승인여부","운영센터, 운영지원기관 시작일자, 운영지원기관 종료일자, 입주기업 정보, 총괄책임자 정보, 실무담당자 정보, 소재지, 설립년도, 승인여부, 입주년도, 입주차수, 입주종료일자",한국사회적기업진흥원,통합사업관리시스템
131,일자리,사회적기업,사회적기업 정보,위탁운영기관,"위탁운영기관명, 우편번호, 기본주소, 상세주소, 연락처, 이메일, 대표자명, 사업자등록번호, 법인등록번호, 컨소시엄정보, 육성사업기관특화여부, 소셜벤처기관사용여부","위탁운영기관명, 우편번호, 기본주소, 상세주소, 연락처, 이메일, 대표자명, 사업자등록번호, 법인등록번호, 컨소시엄정보, 육성사업기관특화여부, 소셜벤처기관사용여부",한국사회적기업진흥원,통합사업관리시스템
132,일자리,사회적기업,사회적기업 정보,유급근로자현황,"근로자 상세정보, 취약계층유형, 임금, 근로시간, 고용형태, 직종, 재정지원사업 참여여부, 기타 정부지원 여부, 고용보험가입여부","근로자명, 생년월일, 성별, 취약계층유형, 입사일, 임금, 근로시간, 고용형태, 직종, 재정지원사업 참여여부, 기타 정부지원 여부, 고용보험가입여부, 주민등록번호, 취약계층 자격 취득·상실일, 고용보험가입기업명, 취약계층입증자료, 보고년도",한국사회적기업진흥원,통합사업관리시스템
133,일자리,사회적기업,사회적기업 정보,취약계층고용증명서,"발급번호, 인증인가번호, 사업장명, 우편번호, 주소, 대표자명, 법인등록번호, 사업자등록번호, 사용용도, 신청일자, 발급일자, 보완요청일자","발급번호, 인증인가번호, 사업장명, 우편번호, 주소, 대표자명, 법인등록번호, 사업자등록번호, 사용용도, 신청일자, 발급일자, 보완요청일자, 최종승인여부, 자격취득자명부, 유급근로자수, 취약계층근로자수, 인가부처",한국사회적기업진흥원,통합사업관리시스템
134,일자리,사회적기업,사회적기업 정보,프로보노,"신청관리번호, 경력정보, 활동방식, 활동지역, 소속, 직업, 경력, 신청일자, 신청자정보, 상담내용","신청관리번호, 경력정보, 활동방식, 활동지역, 소속, 직업, 경력, 신청일자, 신청자정보, 상담내용, 접수일자, 완료일자, 반려일자",한국사회적기업진흥원,통합사업관리시스템
135,일자리,사회적기업,사회적기업 판로,공공구매 우선실적,"기관구분, 기관명, 년도, 총구매액, 사회적기업구매액, 비율, 총구매액(계획), 사회적기업구매액(계획), 비율(계획), 우편번호, 주소, 구매내역, 고유번호증, 처리상태코드","기관구분, 기관명, 년도, 총구매액, 사회적기업구매액, 비율, 총구매액(계획), 사회적기업구매액(계획), 비율(계획), 우편번호, 주소, 구매내역, 고유번호증, 처리상태코드",한국사회적기업진흥원,판로플랫폼
136,일자리,사회적기업,사회적기업 판로,사회적기업 상품,"판매자ID, 상품코드, 상품명, 상품간단설명, 공개여부, 원산지, 제조사,  판매가, 할인구분, 품절여부, 재고수량, 재입고일자","판매자ID, 상품코드, 상품명, 상품간단설명, 공개여부, 원산지, 제조사,  판매가, 할인구분, 품절여부, 재고수량, 재입고일자, 최대주문, 최소주문, 추가구성, 사은품여부, 상품상세설명, 추천상품, 관련상품, 택배사명, 배송구분, 반송지, 배송비, 상품구분, 상품유형, 상품라벨, 비회원구매구분, 부가세면세, 수수료율, 정가, 원가, 쿠폰사용, 등록일, 판매단위, 도매여부, 견적문의, 상품ID",한국사회적기업진흥원,판로플랫폼
137,일자리,사회적기업,사회적기업 판로,입점사,"기업ID, 기업명, 사업자등록번호, 우편번호, 주소, 주소상세, 대표자명, 대표자핸드폰번호, 전화번호, 팩스번호, 홈페이지, 설립일자, 법인등록번호","기업ID, 기업명, 사업자등록번호, 우편번호, 주소, 주소상세, 대표자명, 대표자핸드폰번호, 전화번호, 팩스번호, 홈페이지, 설립일자, 법인등록번호, 인증기관, 인증일자, 인증만료일자, 업태, 종목, 인증지정번호, 총근로자, 주요생산품, 추구하는사회적가치, 등록일시, 수정일시, 사업자등록증경로, 지역코드, 통장사본경로, 중간지원기관여부, 공공구매여부, 유통채널여부",한국사회적기업진흥원,판로플랫폼
138,일자리,외국인일자리,"외국인근로자(고용허가제, E-9)",한국어능력시험,"접수번호, 시행구분ID, 시행년도, 시험회차, 접수순번, 접수자성별, 접수자국적, 접수자신청업종, 접수구분, 접수상태, 접수신청일시, 접수처리일시","접수번호, 시행구분ID, 시행년도, 시험회차, 접수순번, 접수자성별, 접수자국적, 접수자신청업종, 접수구분, 접수상태, 접수신청일시, 접수처리일시, 접수취소일시, 배정상태, 배정처리일시, 한국출국일, 취업허가만료일, 접수시험종류, 첨부파일, 일련번호, 대한민국체류기간, 부적격자확인자, 부적격자확인일시, 유턴기업여부",한국산업인력공단,고용허가제통합정보망
139,일자리,외국인일자리,"외국인근로자(동포방문취업, H-2)",외국국적동포 회원,"외국국적 동포의 고용정보, 취업교육, 성별, 혼인여부","외국국적 동포의 고용정보, 취업교육, 사용자ID, 성명, 성별, 혼인여부, 사용여부",한국산업인력공단,고용허가제통합정보망
140,일자리,외국인일자리,"외국인근로자(고용허가제, E-9)",고용허가서,"고용허가서번호, 고용허가서 발급일자, 근로계약체결상태코드, 근로계약시작일자, 근로계약종료일자, 식사제공여부, 기숙사제공여부, 기본급유형(시급,일급,주급,월급), 임금금액, 수습기간개월수, 수습기간금액, 공유일유무급여부, 주1회 휴일여부, 휴일횟수코드, 고용보험사업장관리번호, 사업자등록번호, 사업장명, 대표자명, 전화번호, E-mail, 휴대전화번호, FAX, 업종, 소재지","고용허가서번호, 고용허가서 발급일자, 근로계약체결상태코드, 근로계약시작일자, 근로계약종료일자, 식사제공여부, 기숙사제공여부, 기본급유형(시급,일급,주급,월급), 임금금액, 수습기간개월수, 수습기간금액, 공유일유무급여부, 주1회 휴일여부, 휴일횟수코드, 고용보험사업장관리번호, 사업자등록번호, 사업장명, 대표자명, 전화번호, E-mail, 휴대전화번호, FAX, 업종, 소재지",한국고용정보원,외국인고용관리시스템
141,일자리,외국인일자리,"외국인근로자(고용허가제, E-9)",고용허가제 국가,"국가코드 , 국가명,  일반고용송출국가여부, 특례고용대상국가여부","국가코드 , 국가명,  일반고용송출국가여부, 특례고용대상국가여부",한국고용정보원,외국인고용관리시스템
142,일자리,외국인일자리,"외국인근로자(고용허가제, E-9)",외국인근로자(E-9) 교육훈련,"교육유형, 교육년도, 교육기관, 교육차수, 교육내용, 교육시작일자, 교육종료일자, 교육시간, 교육장소, 교육가능인원수,수료구분코드, 수료구분일자","교육유형, 교육년도, 교육기관, 교육차수, 교육내용, 교육시작일자, 교육종료일자, 교육시간, 교육장소, 교육가능인원수, 수료구분코드, 수료구분일자",한국고용정보원,외국인고용관리시스템
143,일자리,외국인일자리,"외국인근로자(고용허가제, E-9)",외국인고용사업장,"업종코드, 사업장명, 대표자명, 사업자등록번호, 사업장관리번호, 표준산업분류코드","사업장명, 대표자명, 대표자 주민등록번호, 사업자등록번호, 업종코드, 사업장관리번호(미승인된하수급번호), 대표자 연락처,  표준산업분류코드, 사업장 일련번호, 사업장 주소, 사업장 우편물 주소, 원청사업자번호",한국고용정보원,외국인고용관리시스템
144,일자리,외국인일자리,"외국인근로자(고용허가제, E-9)",외국인근로자,"국적, 성별, 신장, 체중, 한국어시험응시번호, 시험합격일자, 구직신청일자, 구직신청유효종료일자, 여권만료일자","외국인성명, 여권번호, 외국인등록번호, 국적, 성별, 휴대폰번호, 입국일자, 출국일자, 취업활동기간만료일자, 체류자격변동일자, 신장, 체중, 색맹여부, 한국어시험응시번호, 시험합격일자, 구직신청일자, 구직신청유효종료일자, 여권만료일자, 은행명, 은행코드, 계좌번호",한국고용정보원,외국인고용관리시스템
145,일자리,외국인일자리,"외국인근로자(고용허가제, E-9)",고용허가 쿼터정보,"업종코드, 외국인구분코드, 유효시작일자, 고용허가인원수, 고용허가발급인원수, 유효종료일자","업종코드, 외국인구분코드, 유효시작일자, 고용허가인원수, 고용허가발급인원수, 유효종료일자",한국고용정보원,외국인고용관리시스템
146,일자리,외국인일자리,"외국인근로자(동포방문취업, H-2)",외국인근로자(H-2) 교육훈련,"훈련유형, 훈련과정, 훈련년도, 훈련기관, 훈련차수, 훈련내용, 훈련시작일자, 훈련종료일자, 훈련시간, 훈련가능인원수, 수료구분코드, 수료구분일자","훈련유형, 훈련과정, 훈련년도, 훈련기관, 훈련차수, 훈련내용, 훈련시작일자, 훈련종료일자, 훈련시간, 훈련가능인원수, 수료구분코드, 수료구분일자",한국고용정보원,외국인고용관리시스템
147,일자리,장애인일자리,등록 장애인,등록 장애인 정보,"성명, 주민등록번호, 주소, 장애유형, 장애등급, 중경증여부, 장애인정일자, 전화번호","성명, 주민등록번호, 주소, 장애유형, 장애등급, 중경증여부, 장애인정일자, 전화번호",한국장애인고용공단,장애인고용업무시스템
148,일자리,장애인일자리,장애인 구인?구직,장애인구인,"모집직종, 채용제목, 직무내용, 구인등록목적, 근무지주소, 요구학력, 모집기간, 임금지급형태 및 금액, 근무형태, 주소정근로시간, 사업장관리번호, 채용대행자(공단), 채용담당자, 작업환경, 복리후생","구인관리번호, 구인신청일자, 모집직종, 채용제목, 직무내용, 구인등록목적, 근무지주소, 요구학력, [선발사항] 모집기간, [근로조건] 임금지급형태 및 금액, [근로조건] 근무형태, [근로조건] 주소정근로시간, 사업장관리번호, 채용대행자(공단), 채용담당자(사업체), 작업환경, [근로조건] 복리후생 및 편의시설, [선발사항] 접수방법, [선발사항] 제출서류",한국장애인고용공단,장애인고용업무시스템
149,일자리,장애인일자리,장애인 구인?구직,장애인구직,"희망직종, 희망근무지, 고용형태, 근무시간, 임금, 현재직업상태, 최종학력, 직업훈련사항, 자격사항, 외국어능력, 경력사항, 직업능력","장애인관리번호, 구직관리번호, 구직신청일자, 희망직종, 희망근무지, 고용형태, 근무시간, 임금, 현재직업상태, 최종학력, 직업훈련사항, 자격사항, 외국어능력, 경력사항, 직업능력",한국장애인고용공단,장애인고용업무시스템
150,일자리,장애인일자리,장애인 근로지원,근로지원인 지원 ,"담당직무, 지원시간, 서비스필요영역, 근로지원인 인적사항, 사업장 상시근로자수, 사업장 장애인근로자수, 위탁수행기관명, 위탁수행기관, 장애인근로자","접수일자, 장애인관리번호, 장애인근로자, 취업일자, 업무시간, 공무원여부, 사업체관리번호, 담당직무, 지원시간, 서비스필요영역, 근로지원인 성명, 근로지원인 주민등록번호, 근로지원인 연락처, 사업장 상시근로자수, 사업장 장애인근로자수, 위탁수행기관명, 위탁수행기관, 관리번호, 대표자명, 법인등록번호, 소재지, 기관구분, 장애인근로자, 퇴사일
교육기관명, 교육장소주소, 교육과정번호, 교육구분코드, 교육시작일, 교육종료일, 마감여부, 총교육시간, 교육인원수, 등록일시, 교육신청일자, 근무희망기관명, 수료증번호, 고육수강종류, 신청자ID, 신청자명, 신청자 전화번호, 신청자 이메일, 스타트업교육 수료여부, 경력내용, 담당자명, 접수일자, 교육일정, 교육장소, 수행기관번호, 소속기관코드, 소속기관담당자, 교육비신청금액, 교육비결정금액, 은행코드, 계좌번호, 예금주명, 지급일자, 수료연도, 교육기관명, 교육수료여부, 수료일시",한국장애인고용공단,장애인고용업무시스템
151,일자리,장애인일자리,장애인 근로지원,중증장애인 출퇴근비용 지원,"지원금 신청자, 선정여부, 지원금 결정내역, 지원금 이의신청 내역, 지원금 부정수급 내역, 지원금 과오지급 내역, 마이데이터 이력, 카드발급내역, 카드사용내역, CI정보","접수일자, 장애인관리번호, 성명, 주민등록번호, 전화번호, 주소, 계좌번호, 근로계약서 선정여부, 선정사유, 관할지사담당자, 접수번호, 대상년월, 결정회차, 결정금액, 최종지급금액, 이의신청일자, 담당자의견, 부정수급신고일자, 신고자명, 신고접수번호, 신고내용, 처분제목, 처분원인, 처분내용, 법적근거, CI, 가맹점명, 가맹점번호, 결재일련번호, 승인번호, 교통수단명, 가맹점명, 마이데이터, 사후관리일자, 점검내용, 등록일시",한국장애인고용공단,장애인고용업무시스템
152,일자리,장애인일자리,장애인 근로지원,장애인 보조공학기기지원,"주요수행업무, 기기구분, 품목, 제품, 금액, 지원형태, 신청일자, 결정일자","사업장관리번호, 사업장구분, 담당자, 전화번호, 장애인관리번호, 주요수행업무, 기기구분, 품목, 제품, 금액, 지원형태, 신청일자, 결정일자, 담당자",한국장애인고용공단,장애인고용업무시스템
153,일자리,장애인일자리,장애인 기능대회,장애인 기능경기대회,"대회명, 참가선수, 참가직종, 장애유형, 중경증여부, 상금내역, 주최기관, 참가선수, 총점, 순위, 입상코드","대회구분, 대회시도, 대회년도, 대회명, 대회시작일, 대회종료일, 참가선수, 성명, 주민등록번호, 참가직종, 장애유형, 중경증여부, 상금내역, 주소, 계좌정보, 주최기관, 참가선수, 사용보장구, 총점, 순위, 입상코드",한국장애인고용공단,장애인고용업무시스템
154,일자리,장애인일자리,장애인 사업주지원,장애인 고용장려금,"사업체 월별전체근로자수, 월별적용제외근로자수, 월별상시근로자수, 장애유형, 장애등급, 중경증여부,  월별임금액, 월별최저임금적용제외여부, 월별고용보험가입여부, 타기관지원금수급여부","사업체관리번호, 신청일자, 월별전체근로자수, 월별적용제외근로자수, 월별상시근로자수, 성명, 주민등록번호, 장애유형, 장애등급, 중경증여부, 장애인정일, 입사일, 월별임금액, 월별최저임금적용제외여부, 월별고용보험가입여부, 타기관지원금수급여부, 퇴사일",한국장애인고용공단,장애인고용업무시스템
155,일자리,장애인일자리,장애인 사업주지원,장애인 고용컨설팅,"장애인고용사유, 장애인고용이력, 장애인근로자, 장애인고용관련 애로사항, 장애인인식및조직문화 진단결과, 장애인고용적합직무 진단결과, 장애인인력확보역량 진단결과, 장애인고용유지관리역량 진단결과, 장애인고용시설 및 환경인프라 진단결과, 고용컨설팅 인터뷰, 고용확대방안, 고용유지방안, 고용컨설팅 보고서, 고용계획, 고용 추진 결과","장애인고용사유, 장애인고용이력, 장애인근로자, 수행직무, 장애인고용관련 애로사항, 장애인인식및조직문화 진단결과, 장애인고용적합직무 진단결과, 장애인인력확보역량 진단결과, 장애인고용유지관리역량 진단결과, 장애인고용시설 및 환경인프라 진단결과, 장애인 인식 및 조직문화 개선과제 우선순위, 장애인 고용 적합 직무 우선순위, 장애인 인력 확보 역량 우선순위, 장애인 고용유지관리 역량 우선순위, 장애인 고용시설 및 환경 인프라 우선순위, 추천직무, 고용컨설팅 인터뷰, 고용컨설팅 보고서, 고용확대방안 만족도, 고용확대방안 효과성, 고용유지방안 만족도, 고용유지방안 효과성, 고용제안 수용률, 고용계획 이행률, 고용추진 결과",한국장애인고용공단,장애인고용업무시스템
156,일자리,장애인일자리,장애인 사업주지원,장애인 사업자 융자지원,"장애인근로자수, 신규채용계획인원, 결정금액, 지급금액, 장애인고용의무여부, 자금용도","접수일자, 신청구분, 사업장관리번호, 장애인근로자수, 신규채용계획인원, 계좌정보, 신청금액, 결정일자, 결정금액, 지급일자, 지급금액, 장애인고용의무여부, 자금용도",한국장애인고용공단,장애인고용업무시스템
157,일자리,장애인일자리,장애인 사업주지원,장애인 표준사업장 지원,"지원금 구분, 신규 장애인채용계획인원, 신규 중증장애인채용계획인원, 무상지원금, 신청금액, 결정금액,  주요생산품, 장애인고용인원, 중증장애인고용인원","신청일자, 사업장관리번호, 지원금 구분, 담당자, 신규 장애인채용계획인원, 신규 중증장애인채용계획인원, 무상지원금, 신청금액, 계좌정보, 결정금액, 결정 담당자, 주요생산품, 담당자 연락처, 장애인고용인원, 중증장애인고용인원, 결정취소 담당자, 결정취소일자",한국장애인고용공단,장애인고용업무시스템
158,일자리,장애인일자리,장애인 인식개선 교육,직장내 장애인 인식개선 교육,"교육기관, 강사명, 대상 사업체 상시근로자수, 교육결과 제출여부, 교육결과보고 제출여부, 이행지도 대상 지정여부, 점검일자, 점검방법, 점검결과, 점검자,  진행절차","교육기관 사업체관리번호, 법인명, 대표자명, 전화번호, 강사명, 강사번호, 교육기관, 지정, 검토일, 검토결과, 인식개선교육 대상 사업체 상시근로자수, 인식개선교육 대상 사업체 교육결과 제출여부, 인식개선교육 대상 사업체 근로자 교육결과보고 제출여부, 인식개선교육 대상 사업체 이행지도 대상 지정여부, 교육기관, 주소, 강사, 생년월일, 인식개선교육 대상 사업체 교육일자, 이행지도 대상 사업체 점검일자, 이행지도 대상 사업체 점검방법, 이행지도 대상 사업체 점검결과, 이행지도 대상 사업체 점검자, 이행지도 대상 사업체 진행절차",한국장애인고용공단,장애인고용업무시스템
159,일자리,장애인일자리,장애인 사업주지원,장애인 고용부담금,"사업체 월별전체근로자수, 월별적용제외근로자수, 월별상시근로자수, 장애유형, 장애등급, 중경증여부,  월별임금액, 월별중증2배수여부, 신고금액, 실납부금액, 연계고용감면액","사업체관리번호, 신고일자, 월별전체근로자수, 월별적용제외근로자수, 월별상시근로자수, 성명, 주민등록번호, 장애유형, 장애등급, 중경증여부, 장애인정일, 입사일, 월별임금액, 월별중증2배수여부, 신고금액, 실납부금액, 퇴사일, 연계고용감면액, 분기별 분할납부 금액",한국장애인고용공단,장애인고용업무시스템
160,일자리,장애인일자리,장애인 일자리정보,장애인 고용사업체,"사업자등록번호, 사업체명, 사업장명, 대표자명, 소재지주소, 전화번호, 업종, 사업내용, 설립일자","사업체관리번호, 사업체법인등록번호, 사업자등록번호, 사업체명, 사업장명, 대표자명, 소재지주소, 전화번호, 업종, 사업내용, 설립일자, 팩스번호",한국장애인고용공단,장애인고용업무시스템
161,일자리,장애인일자리,장애인 일자리정보,장애인 고용정보,"직종, 사업장명, 취업내용, 취업일자, 근무지, 임금, 상시근로자수","구직관리번호, 직종, 사업장명, 취업내용, 취업일자, 근무지, 임금, 구인관리번호, 사업장관리번호, 사업자등록번호, 상시근로자수",한국장애인고용공단,장애인고용업무시스템
162,일자리,장애인일자리,장애인 취업지원,장애인 인턴제,"인턴시작일자, 인턴종료일자, 수료상태, 정규직전환여부, 정규직전환일자, 중도탈락일자, 퇴사일자","구직관리번호, 선정일자, 담당자, 구인관리번호, 담당자, 인턴시작일자, 인턴종료일자, 수료상태, 정규직전환여부, 정규직전환일자, 중도탈락일자, 퇴사일자",한국장애인고용공단,장애인고용업무시스템
163,일자리,장애인일자리,장애인 취업지원,장애인 지원고용,"직무지도원 인적사항, [사업장] 훈련비 지급액, 훈련결과, 취업여부, 사업체 보조금 지급액, 직무지도원 수당 지급액","[훈련생] 구직관리번호, [직무지도원] 성명, [직무지도원] 주민등록번호, [사업장] 구인관리번호, 훈련시작일자, 훈련종료일자, 훈련비 지급액, 훈련결과, 취업여부, 사업체 보조금 지급액, 직무지도원 수당 지급액, [직무지도원] 주소, [직무지도원] 연락처",한국장애인고용공단,장애인고용업무시스템
164,일자리,장애인일자리,장애인 취업지원,장애인 직업능력평가,"평가 결과, 평가소요시간, 평가결과, 직무, 의뢰기관, 의뢰일자, 사업장구분","장애인관리번호, 평가일자, 평가 결과, 평가소요시간, 평가결과, 직무, 의뢰기관, 의뢰일자, 사업장관리번호, 사업장구분",한국장애인고용공단,장애인고용업무시스템
165,일자리,장애인일자리,장애인 취업지원,장애인 직업훈련,"훈련분야, 훈련직종, 기간, 훈련일자, 과목, 훈련내용,  평가기간, 평가담당자, 합격여부, 훈련생별, 과제진행정보, 출결정보, 지도교사정보, 기초생활수급여부","장애인관리번호, 훈련분야, 훈련직종, 훈련년도, 훈련차수, 기간, 훈련일자, 교시, 과목, 훈련내용, 담당교사, 평가기간, 평가담당자, 합격여부, 훈련생별, 과제진행정보, 출결정보, 지도교사정보, 기초생활수급여부, 계좌정보, 상벌사항, 실업급여수급기간, 산재훈련지원기간",한국장애인고용공단,장애인고용업무시스템
166,일자리,장애인일자리,장애인 취업지원,장애인 취업성공패키지,"참여유형, 담당자, IAP 수립일, 1단계 수당지급액, 훈련기관,  훈련시작일,  훈련종료일, 취업여부, 취업(창업)일, 퇴사일자, 기초생활수급유형","구직관리번호, 신청일자, 초기상담일, 참여유형, 담당자, IAP 수립일, 1단계 수당지급액, 훈련기관,  훈련시작일,  훈련종료일, 사후관리시작일, 취업여부, 취업(창업)일, 퇴사일자, 기초생활수급유형",한국장애인고용공단,장애인고용업무시스템
167,일자리,장애인일자리,장애인 취업지원,이어모아(범부처 취업지원),"신청자 정보, 의뢰기관, 희망서비스, 서비스 신청 내역","성명, 장애인관리번호, 생년월일, 주소지, 요청일자, 의뢰기관, 희망서비스, 접수일자, 접수기관, 진행상태, 최종학력, 장애유형, 장애등록일, 제공 서비스, 소관기관, 서비스 상태",한국장애인고용공단,장애인고용업무시스템
168,일자리,장애인일자리,장애인 사업주지원,고용의무 이행지도,"이행지도일 기준 사업체 상시근로자수, 고용의무인원, 명단공표 기준인원, 장애인근로자수, 고용률, 미달인원 이행지도 방법, 이행지도 협의 내용 및 종합의견, 업무협의자 정보, 이행지도 결과 및 명단공표 제외 요건","사업체관리번호, 사업체명, 대표자명, 소재지주소, 전화번호, 업종, 담당자명, 담당자 연락처, 담당자 휴대전화, 담당자 이메일, 이행지도일 기준 사업체 상시근로자수, 고용의무인원, 명단공표 기준인원, 장애인 근로자수(2배수+감면), 장애인근로자수(2배수), 장애인 근로자수(실인원), 경증 장애인수, 중증장애인수(60시간 이상), 중증 장애인수(60시간 미만), 고용률(감면인원 포함), 미달인원, 이행지도방법, 협의내용 및 종합의견, 업무협의자 성명, 업무협의자 연락처, 업무협의자 이메일, 이행지도 담당자, 명단공표 제외 여부, 명단공표 기본요건 충족 여부, 충족시 세부 정보, 명단공표 추가요건 충족 여부, 충족시 세부 정보 및 증빙자료",한국장애인고용공단,장애인고용업무시스템
169,일자리,지역일자리,일자리목표공시제,지자체 지역일자리 공시제 계획,"자치체구분, 시도, 고용률, 올해목표 고용률, 취업자수, 올해목표 취업자수, 피보험자수, 올해목표 피보험자수","자치체구분, 자치단체명, 민선기수, 민선순번 연도, 추가_제목, 추가_내용, 추가_부서, 고용률상세, 고용률, 취업자수, 사용근로자수, 목표치, 피보험자수, 정부_직접일자리창출, 정부_직업능력개발훈련, 정부_고용서비스, 정부_고용장려금, 정부_창업지원, 정부_실업소득 유지 및 지원, 정부_일자리 인프라 구축, 정부_기타(산업/복지/문화/농림/해양/국토/환경), 공통_시도_시군_고용률상세_작년실적, 공통_시도_시군_고용률상세_올해목표, 공통_시도_시군_고용률상세_증감률, 공통_시도_시군_고용률_작년실적, 공통_시도_시군_고용률_올해목표, 공통_시도_시군_고용률_증감률, 공통_시도_시군_취업자수_작년실적, 공통_시도_시군_취업자수_올해목표, 공통_시도_시군_취업자수_증감률, 공통_시도_시군_사용근로자수_작년실적, 공통_시도_시군_사용근로자수_올해목표, 공통_시도_시군_사용근로자수_증감률, 공통_자치구_목표 제목, 공통_자치구_목표치_작년실적, 공통_자치구_목표치_올해목표, 공통_자치구_목표치_증감률, 공통_고용보험 피보험자수_ 작년실적, 공통_고용보험 피보험자수_올해목표, 공통_고용보험 피보험자수_증감률, 정부_직접일자리창출_목표, 정부_직접일자리창출_국비, 정부_직접일자리창출_시도비, 정부_직업능력개발훈련_목표, 정부_직업능력개발훈련_국비, 정부_직업능력개발훈련_시도비, 정부_고용서비스_목표, 정부_고용서비스_국비, 정부_고용장려금_목표, 정부_고용장려금_국비, 정부_창업지원_목표, 정부_창업지원_국비, 정부_실업소득 유지 및 지원_목표, 정부_실업소득 유지 및 지원_국비, 정부_일자리 인프라 구축_목표, 정부_일자리 인프라 구축_국비, 정부_기타_산업_목표, 정부_기타_산업_국비 정부_기타_복지_목표, 정부_기타_복지_국비, 정부_기타_문화_목표, 정부_기타_문화_국비, 정부_기타_농림_ 해양_목표, 정부_기타_농림_ 해양_국비, 정부_기타_국토_ 환경_목표, 정부_기타_국토_ 환경_국비, 민간_기업유치_ 신설 및 확장_목표, 민간_기업유치_ 신설 및 확장, 민간_기타_목표, 민간_기타_국비",고용노동부(지역산업고용정책과),지역고용정보네트워크
170,일자리,지역일자리,일자리목표공시제,지자체 지역일자리 공시제 성과,"광역 기초 단체 구분, 신규_계속 구분, 사업종류,  공모방식, 컨소시엄기관, 훈련목표인원, 훈련인원, 취업목표인원, 취업인원, 수료목표인원, 수료인원","광역 기초 단체 구분, 연도, 신규_계속 구분, 관서명, 사업종류,  공모방식, 컨소시엄기관 국비, 지방비, 사업시작일, 사업_종료일, 훈련목표인원, 훈련인원, 취업목표인원, 취업인원, 수료목표인원, 수료인원",고용노동부(지역산업고용정책과),지역고용정보네트워크
171,일자리,취업,구인?구직,구인정보,"사업체명, 사업자등록번호, 대표자명, 업종, 근로자수, 사업내용, 주소, 채용제목, 모집직종, 모집인원, 직무내용, 경력, 학력, 자격면허, 임금, 근무시간,  근무장소, 퇴직급여형태, 고용형태, 제출서류, 접수방법, 전형방법, 접수마감일, 구인종료일, 사회보험, 복리후생, 식사제공, 장애인복지시설, 우대조건","사업체명, 사업자등록번호, 대표자명, 업종, 근로자수, 사업내용, 주소, 채용제목, 모집직종, 모집인원, 직무내용, 경력, 학력, 자격면허, 임금, 근무시간,  근무장소, 퇴직급여형태, 고용형태, 제출서류, 접수방법, 전형방법, 접수마감일, 구인종료일, 사회보험, 복리후생, 식사제공, 장애인복지시설, 우대조건",한국고용정보원,고용24(고용행정통합포털)
172,일자리,취업,구인?구직,구직정보,"성명, 주민등록번호, 주소, 연락처, 이메일, 최종학력, 희망직종, 희망근무지역, 희망임금, 희망고용형태, 경력사항, 보유자격, 교육훈련이수현황, 전산활용능력, 외국어능력","성명, 주민등록번호, 주소, 연락처, 이메일, 최종학력, 희망직종, 희망근무지역, 희망임금, 희망고용형태, 경력사항, 보유자격, 교육훈련이수현황, 전산활용능력, 외국어능력",한국고용정보원,고용24(고용행정통합포털)
173,일자리,취업,재정지원 일자리,재정지원 일자리 참여자,"주민등록번호, 성명, 주소, 연락처, 취업취약계층여부, 사업유형, 사업명, 근무처명, 사업참여시작일자, 사업참여종료일자, 사업참여상태, 중복참여여부, 반복참여여부, 급여액, 성별코드, 등록일시","주민등록번호, 성명, 주소, 연락처, 취업취약계층여부, 사업유형, 사업명, 근무처명, 사업참여시작일자, 사업참여종료일자, 사업참여상태, 중복참여여부, 반복참여여부, 급여액, 성별코드, 등록일시",한국고용정보원,일모아시스템
174,일자리,취업,재정지원 일자리,재정지원일자리 참여기관,"기관 ID, 사업자등록번호, 행정표준기관코드, 기관 명, 대표자 명, 기관 분류 코드, 기관 구분 코드, 회계 시스템 구분 코드, 회계 연계 기관 ID, 문서 유통 기관 ID, SMS 요금 지급 기관 ID, SMS 사용 여부, 업종 코드, 홈페이지 주소, 조직 시작 일, 조직 종료 일, 전화 번호, 팩스 번호, 지역 코드, 도로명 코드, 우편번호, 건물 관리 번호, 기본 주소, 상세 주소, 입력 구분 코드, 사용 여부, 메모, 등록자 번호, 등록 일시, 수정자 번호, 수정 일시","기관 ID, 사업자등록번호, 행정표준기관코드, 기관 명, 대표자 명, 기관 분류 코드, 기관 구분 코드, 회계 시스템 구분 코드, 회계 연계 기관 ID, 문서 유통 기관 ID, SMS 요금 지급 기관 ID, SMS 사용 여부, 업종 코드, 홈페이지 주소, 조직 시작 일, 조직 종료 일, 전화 번호, 팩스 번호, 지역 코드, 도로명 코드, 우편번호, 건물 관리 번호, 기본 주소, 상세 주소, 입력 구분 코드, 사용 여부, 메모, 등록자 번호, 등록 일시, 수정자 번호, 수정 일시",한국고용정보원,일모아시스템
175,일자리,취업,직업안정,가사서비스 제공기관,"법인등록번호,상호법인명,사업자등록번호,등록기준지우편번호,등록기준지주소, 전화번호, 손해배상수단, 제공가능지역, 이용방법, 제공가능요일, 제공가능시간","법인등록번호,상호법인명,사업자등록번호,등록기준지우편번호,등록기준지주소, 전화번호, 손해배상수단, 제공가능지역, 이용방법, 제공가능요일, 제공가능시간",한국고용정보원,가사랑
176,일자리,취업,직업안정,거짓구인,"주민등록번호, 성명, 주소, 전화번호, 사업장명, 위반내용, 사업자등록번호, 사업장주소, 처분내용, 포상금내역","주민등록번호, 성명, 주소, 전화번호, 사업장명, 위반내용, 사업자등록번호, 사업장주소, 처분내용, 포상금내역",한국고용정보원,고용24(고용행정통합포털)
177,일자리,취업,직업안정,우수기관인증제참여기관,"회사명, 주소, 소재지, 연락처, 인증여부","회사명, 주소, 소재지, 연락처",한국고용정보원,고용서비스 통합시스템
178,일자리,취업,직업안정,직업소개소,"사업장명, 사업등록번호, 전화번호, 소재지, 신고번호, 지도점검내역, 유/무료","사업장명, 사업등록번호, 전화번호, 소재지, 신고번호, 지도점검내역, 유/무료",한국고용정보원,고용24(고용행정통합포털)
179,일자리,취업,청년취업지원,청년도전지원,"주민등록번호, 성명, 주소, 연락처 이메일, 계좌번호, 참여유형 신청일자, 이수상태, 이수/중도/탈락일자, 참여구분, 참여대상","주민등록번호, 성명, 주소, 연락처 이메일, 계좌번호, 참여유형 신청일자, 이수상태, 이수/중도/탈락일자, 참여구분, 참여대상",한국고용정보원,고용24(고용행정통합포털)
180,일자리,취업,청년취업지원,청년일자리창출지원,"사업장명, 사업자등록번호, 사업장관리번호, 성명, 주민등록번호, 채용일, 대표자명, 전화번호, 채용종료일자, 지원종료일자, 적격여부","사업장명, 사업자등록번호, 사업장관리번호, 성명, 주민등록번호, 채용일, 대표자명,, 전화번호, 채용종료일자, 지원종료일자, 적격여부",한국고용정보원,고용24(고용행정통합포털)
181,일자리,취업,국민취업지원제도,수급자격정보,"성명, 주민등록번호, 주소, 연락처,휴대전화번호, 이메일, 신청일자, 사업유형코드, 참여유형구분코드, IAP진행상태코드, 심사처리상태코드,신청연령, IAP시작일자
IAP종료일자","IAP번호, 신청일자, 사업년도 사업유형코드, 참여유형구분코드, IAP진행상태코드, 심사처리상태코드, 취업취약계층코드, 취업취약계층부코드, 검토의견내용, 
수급제외대상코드, 참여제한기간코드, 처리기한연장구분코드, 처리기한연장사유코드, 처리기한연장사유내용
처리사유내용, 구직촉진수당진행상태코드, 구직촉진수당종료일자, 심사처리기관코드, 상담방법코드, 연계오류내용, 
구직수당자격인정여부, 취업지원자격인정여부, 근로능력구직의사유무, 연령적합여부, 학교재학여부, 취업취약계층여부, 개인소득기준적합여부, 가구소득기준적합여부, 기타소득적합여부, 재산적합여부, 현재취업여부, 현재창업여부, 취업경험유무, 기타재산적합여부, 수급제외대상여부, 참여제한기간적합여부, 선발형적합여부, 해당사항여부, 청년특정계층여부, 일경험참여희망여부, 소득재산심사요청여부, 특성화고등학교졸업여부, 신청연령, IAP시작일자, IAP종료일자, 최초상담일자, 위탁기관배정일자, 연계요청일자, 심사결정일자, 처리기한일자, 취하사유내용, 신청경로상세코드, 신청경로기타내용, 모집위탁기관코드, 집중취업알선일자, 사후관리종료일자,소득재산미실시동의여부 , 병역여부 , 병역기간시작일자, 병역기간종료일자 , 청년인정여부 , 사후관리중단일자 ,빈일자리희망여부 , 건설업퇴직자여부 , 성명, 주민등록번호, 주소, 연락처,휴대전화번호, 이메일",한국고용정보원,고용24(고용행정통합포털)
182,일자리,취업,국민취업지원제도,지원금정보,"지원금코드, 지급회차,지급여부, 처리신청일자, 처리일자, 지급진행상태코드, 계좌번호ID, 지급금액 ","IAP번호, 지원금일련번호, 지원금코드, 지급회수구분코드, 지급회차, 기지원금일련번호, 지급여부, 처리신청일자, 처리일자, 지급진행상태코드, 계좌번호ID, 지급금액, 수당요청금액, 부양가족수당신청여부 , 부양가족수당지급금액, 지급사유내용, 소급적용여부 ,가족수당동일여부 , 감액금액,감액변경여부 ,추가감액금액 ,금액수정여부 ,부지급사유코드,회수사유코드,회수사유내용,반려사유내용,수정사유내용,반려여부,검토승인일자,검토의견내용, 검토신청일자,검토승인의견내용 ,결의서번호,지출원장결의서번호,예산회계계정코드,상계일련번호,상계이전지급금액, 상계금구분코드,지급기간시작일자,지급기간종료일자,합계참여일수,합계실제참여일수,합계결석일수,수당지급인정일수,변경사유내용,집단상담수료여부,인센티브지급유형코드,출장상담여부, 사업유형코드 ,파견기업여부,온라인신청여부,신청경로코드,취업성공수당지급금액,훈련수당지급금액 ",한국고용정보원,고용24(고용행정통합포털)
183,일자리,취업,중장년지원,중장년경력지원제,"사업장명, 사업자등록번호, 사업장관리번호, 성명, 주민등록번호, 대표자명, 전화번호, 참여승인여부, 근로계약체결여부, 승인일시","사업장명, 사업자등록번호, 사업장관리번호, 성명, 주민등록번호, 대표자명, 전화번호, 참여승인여부, 근로계약체결여부, 승인일시",한국고용정보원,고용24(고용행정통합포털)
184,일자리,취업,청년취업지원,청년일경험통합플랫폼,"참여자인증번호, 통합프로그램인증번호, 참여자구분코드, 신청일자, 선발일자, 진행상태코드, 교육상태코드, 성별코드, 지역코드, 생년월일, 구직회원번호, 회원성명, 생년월일, 성별코드, 전화번호, 휴대전화번호, 참여기업일련번호, 프로그램명, 운영시작일자, 운영종료일자, 교육유무여부, 교육기관명, 교육시작일자, 교육종료일자, 교육내용, 교육시간수","참여자인증번호, 통합프로그램인증번호, 구인회원번호, 참여자구분코드, 신청일자, 선발일자, 확정통보여부, 직무코드, 신청여부, 팀명, 인원수, 진행상태코드, 교육상태코드, 인증일자, 인증구분코드, 최종학력코드, 최종학력상태코드, 최종학부명, 최종학과명, 학년코드, 참여유형코드, 참가목적내용, 거부사유내용, 지원동기내용, 수행계획내용, 관련경력내용, 중도탈락일자, 중도탈락사유코드, 교육중도탈락일자, 교육중도탈락사유코드, 선발팀명, 선발참여유형코드, 사후관리제목명, 사후관리내용, 휴게시간수, 주거지역코드, 성별코드, 지역코드, 생년월일, 구직회원번호, 회원성명, 생년월일, 성별코드, 전화번호, 휴대전화번호, SMS수신여부, 이메일주소, 워크넷홍보메일수신여부, 지역코드, 우편번호, 기본주소, 상세주소, 도로명기본주소, 도로명상세주소, 도로명코드, 읍면동번호, 건물번호, 도로명참고항목명, 참여기업일련번호, 사업자등록번호, 사업장관리번호, 참여기업명, 지점일련번호, 지점명, 본사여부, 대표자명, 업종코드, 홈페이지URL주소, 총원수, 참여기업지역코드, 자본금액, 연매출금액, 사업내용, 사업장개업일자, 사업장폐업일자, 직무코드, 플랫폼운영기관일련번호, 프로그램구분코드, 프로그램코드, 프로그램명, 인증상태코드, 지역코드, 총합계모집인원수, 프로젝트주요내용, 평가계획내용, 코칭계획내용, 운영시작일자, 운영종료일자, 교육유무여부, 교육기관명, 교육기관담당ID, 교육시작일자, 교육종료일자, 교육내용, 운영기관담당자ID, 기타사항내용,첨부파일련번호, 인증기관일련번호, 인증사용자ID,보류사유내용,거부사유내용,교육시간수,연수부서,교육훈련시간수",한국고용정보원,청년일경험통합플랫폼
185,일자리,취업,청년취업지원,직장적응지원프로그램,"신청번호, 참여자격코드, 참여자명, 암호화주민등록번호, 운영기관주소우편번호, 도로명기본주소, 도로명상세주소, 휴대전화연락처번호, 전화번호, 이메일주소,  입사일자, 기업명, 암호화사업자등록번호, 참여프로그램번호, 이수상태코드, 이수시간수, 참여기간시작일, 참여기간종료일","신청번호, 구직회원번호, 참여자격코드, 참여자명, 암호화주민등록번호, 운영기관주소우편번호, 도로명기본주소, 도로명상세주소, 휴대전화연락처번호, 전화번호, 이메일주소, 전자우편수신여부, 문자서비스수신여부, (현재상태)재학생세부코드, (현재상태)기타내용, 확인상태1번코드, 확인상태2번코드, 청년지원사업기타상세내용, 참여희망프로그램구분코드, 입사일자, 기업명, 암호화사업자등록번호, 대표자명, 사업장소재지주소, 고지여부←참여제한사유발생고지에관한사항, 개인정보수집이용동의여부, 초기상담미실시여부←초기상담생략여부, 초기상담미실시사유내용, 초기상담내용, 청년지원사업상세내용, 신청일자, 접수일자, 관리자여부,  우선지원기업여부, 산업단지입주기업여부, 생년월일, 성별코드, 참여프로그램번호, 이수상태코드, 이수시간수, 참여기간시작일, 참여기간종료일, 이수증번호",한국고용정보원,고용24(고용행정통합포털)
186,일자리,취업,청년취업지원,청년성장프로젝트,"청년성장신청번호, 참여자명, 암호화주민등록번호, 생년월일, 성별코드, 참여프로그램번호, 이수상태코드, 이수시간수, 참여기간시작일, 참여기간종료일","신청번호, 구직회원번호, 참여자격코드, 참여자명, 암호화주민등록번호, 운영기관주소우편번호, 도로명기본주소, 도로명상세주소, 휴대전화연락처번호, 전화번호, 이메일주소, 전자우편수신여부, 문자서비스수신여부, (현재상태)재학생세부코드, (현재상태)기타내용, 확인상태1번코드, 확인상태2번코드, 청년지원사업기타상세내용, 참여희망프로그램구분코드, 고지여부←참여제한사유발생고지에관한사항, 개인정보수집이용동의여부, 초기상담미실시여부←초기상담생략여부, 초기상담미실시사유내용, 초기상담내용, 청년지원사업상세내용, 신청일자, 접수일자, 생년월일, 성별코드, 참여프로그램번호, 이수상태코드, 이수시간수, 참여기간시작일, 참여기간종료일, 이수증번호",한국고용정보원,고용24(고용행정통합포털)
187,일자리,취업,청년취업지원,졸업생특화프로그램,"성명, 주민등록번호, 주소, 연락처, 이메일, 참여자구분, 전공, 학번, 학년, 학적상태, 졸업예정연월, 제출일시, 처리일시, 처리상태, 운영대학","성명, 주민등록번호, 주소, 연락처, 이메일, 참여자구분, 전공, 학번, 학년, 학적상태, 졸업예정연월, 제출일시, 처리일시, 처리상태, 운영대학, 사업참여기간, 상담내용, 상담일시, 상담시간, 상담회차, 상담사성명, 상담방법, 상담유형, 운영시작일자, 운영종료일자, 운영시분, 운영장소명, 운영프로그램설명내용, 운영방법, 운영상태, 운영프로그램제목명, 운영프로그램유형, 운영프로그램유형기타내용, 운영시간수, 모집인원수, 운영프로그램수료처리일시, 운영프로그램수료여부, 운영프로그램참여처리일시, 운영프로그램참여상태코드, 운영프로그램신청일시, 운영프로그램미수료사유기타내용, 설문답변점수, 설문응답일시, 설문응답주관식내용",한국고용정보원,고용24(고용행정통합포털)
188,일자리,취업,청년취업지원,대학 재학생 맞춤형 서비스,"성명, 주민등록번호, 주소, 연락처, 이메일, 참여유형, 참여분류, 전공, 학번, 학년, 학적상태, 제출일시, 처리일시, 처리상태, 운영대학","성명, 주민등록번호, 주소, 연락처, 이메일, 참여유형, 참여분류, 전공, 학번, 학년, 학적상태, 제출일시, 처리일시, 처리상태, 운영대학, 사업참여기간, 상담내용, 상담일시, 상담시간, 상담회차, 상담사성명, 상담방법, 상담유형, IAP제출일시, IAP처리상태, IAP처리일시, 경력개발로드맵제출일시, 경력개발로드맵처리상태, 경력개발로드맵처리일시, 희망직업명, 관심분야활동내용, 다짐내용, 강점내용, 활동년월, 목표활동내용, 교내시행기관여부, 교외시행기관여부, 프로그램코드, 목표수립코드, 목표시점학년코드, 목표시점학기코드, 기타기업군명, 기타근무지역명, 목표기업군코드, 목표취업예상연월, 목표근무지역코드, 희망진로코드, 희망진로상세명, 희망직업명, 희망급여금액, IAP취업지원유형코드, 활동내용, 취업활동구분코드, 목표달성시기코드, IAP유형코드, 교내참여기관명, 교외참여기관명, 참여시작년월, 참여종료년월, 참여시간수, 취업활동결과처리일시, 취업활동결과처리상태코드, 취업활동결과제출일시, 참여시작일자, 참여종료일자, 참여시간수, 활동이행시작일자, 활동이행종료일자, 예금주명, 부정수급방지확약서동의여부, 포인트지급금액, 포인트지급은행코드, 포인트지급일자, 포인트지급구분코드, 포인트환수금액, 포인트환수일자, 포인트환수사유내용, 포인트신청서처리일시, 포인트신청서처리의견내용, 포인트신청서처리상태코드, 포인트신청서제출일시, 포인트신청서접수일시, 포인트신청금액, 포인트신청회차, 포인트미지급사유내용, 총합계활동인정시간수, 총합계활동신청시간수, 활동인정시간수, 활동요청시간수, 이행시작일자, 이행종료일자, 프로그램이행내용, 비고내용",한국고용정보원,고용24(고용행정통합포털)
189,일자리,취업,청년취업지원,고교 재학생 맞춤형 서비스,"성명, 주민등록번호, 주소, 연락처, 이메일, 참여분류, 전공, 참여자고등학교, 학년, 학적상태, 졸업예정연월, 제출일시, 처리일시, 처리상태, 운영대학","성명, 주민등록번호, 주소, 연락처, 이메일, 참여분류, 전공, 참여자고등학교, 학년, 학적상태, 졸업예정연월, 제출일시, 처리일시, 처리상태, 운영대학, 사업참여기간, 상담내용, 상담일시, 상담시간, 상담회차, 상담사성명, 상담방법, 상담유형, IAP제출일시, IAP처리상태, IAP처리일시, 경력개발로드맵제출일시, 경력개발로드맵처리상태, 경력개발로드맵처리일시, 다짐내용, 목표기업군코드내용, 목표기업기타기업군명, 목표취업예상연월, 참여자학기, 참여자학년, 특기사항내용, 활동세부내용, 흥미분야사항내용, 희망근무지, 희망급여금액, 희망직업명, 희망진로기타내용, 희망진로시험상세명, 희망진로코드내용",한국고용정보원,고용24(고용행정통합포털)
190,일자리,취업,잡케어,프로필정보,"회원ID, 프로필구분코드, 시작일자, 종료일자, 항목구분코드, 상세항목코드, 상세항목내용, 상세내용1, 보고서작성단계코드","회원ID, 프로필구분코드, 프로필순번, 시작일자, 종료일자, 항목구분코드1, 항목구분코드2, 상세항목코드1, 상세항목내용1, 상세항목코드2, 상세항목내용2, 상세항목코드3, 상세항목내용3, 상세항목코드4, 상세항목내용4, 상세내용1, 상세내용2, 상세내용3, 상세내용4, 보고서작성단계코드",한국고용정보원,잡케어시스템
191,일자리,해외취업,사우디사회보험,사우디사회보험료 환불신청내역,"이름, 주민등록번호, 집주소, E-Mail, 집연락처, 생년월일, 여권번호","이름, 주민등록번호, 집주소, E-Mail, 집연락처, 생년월일, 여권번호",고용노동부(국제개발협력지원팀),사우디사회보험관리
192,일자리,해외취업,해외 정착지원,해외 정착지원금,"취업대륙, 취업국가, 취업일자, 취업경로, 표준직업분류, 취업직종, 취업세부직종, 취업기업명, 취업기업유형, 취업기업규모, 취업기업업종, 취업계약기간, 정착지원금 금액, 취업비자정보, 소득분위, 정규직여부, 연봉금액, 근무소감","취업대륙, 취업국가, 취업일자, 취업경로, 표준직업분류, 취업직종, 취업세부직종, 취업기업명, 취업기업유형, 취업기업규모, 취업기업업종, 취업계약기간, 정착지원금 금액, 취업비자정보, 소득분위, 정규직여부, 연봉금액, 근무소감",한국산업인력공단,월드잡플러스
193,일자리,해외취업,해외취업 구인?구직,해외취업 구인,"구인기업유형코드, 채용공고명, 모집직종, 취업국가, 구인인증번호, 공고인증일자, 모집시작일, 모집마감일, 주요업무내용, 직무내용, 필수제출서류, 모집인원, 경력조건, 학력조건, 언어능력, 자격증, 근무형태, 급여정보, 근무시간, 보험가입여부, 비자타입, 비자세부정보, 퇴직금여부, 휴가정보, 채용예정일, 구인기업업종, 구인기업명, 구인기업대표자, 구인기업소재지, 구인기업전화번호, 구인기업매출액, 표준직업분류, 지원자격, 전형방법, 가족동반여부, 숙식제공여부, 항공권제공여부, 출국예정일자, 한글/영문/일문이력서 필수여부, 한글/영문/일문자기소개서 필수여부, 구인발굴처, 지원서작성방법, 현지재택근무가능여부","구인기업유형코드, 채용공고명, 모집직종, 취업국가, 구인인증번호, 공고인증일자, 모집시작일, 모집마감일, 주요업무내용, 직무내용, 필수제출서류, 모집인원, 경력조건, 학력조건, 언어능력, 자격증, 근무형태, 급여정보, 근무시간, 보험가입여부, 비자타입, 비자세부정보, 퇴직금여부, 휴가정보, 채용예정일, 구인기업업종, 구인기업명, 구인기업대표자, 구인기업소재지, 구인기업전화번호, 구인기업매출액, 표준직업분류, 지원자격, 전형방법, 가족동반여부, 숙식제공여부, 항공권제공여부, 출국예정일자, 한글/영문/일문이력서 필수여부, 한글/영문/일문자기소개서 필수여부, 구인발굴처, 지원서작성방법, 현지재택근무가능여부",한국산업인력공단,월드잡플러스
194,일자리,해외취업,해외취업 구인?구직,해외취업 구직,"국내거주여부, 거주국가구분코드, 연령, 군필여부, 이중국적여부, 유학생여부, 유학국가구분코드, 경력년월내용, 여권소지여부, 한글OA능력구분코드, 워드OA능력구분코드, 파워포인트OA능력구분코드, 엑셀OA능력구분코드, 인터넷정보OA능력구분코드, 재직여부, 취업희망1국가구분코드, 취업희망2국가구분코드, 취업희망3국가구분코드, 취업희망1표준직업분류코드, 취업희망2표준직업분류코드, 취업희망3표준직업분류코드, 고용형태구분코드, 검색키워드명세","국내거주여부, 거주국가구분코드, 연령, 군필여부, 이중국적여부, 유학생여부, 유학국가구분코드, 경력년월내용, 여권소지여부, 한글OA능력구분코드, 워드OA능력구분코드, 파워포인트OA능력구분코드, 엑셀OA능력구분코드, 인터넷정보OA능력구분코드, 재직여부, 취업희망1국가구분코드, 취업희망2국가구분코드, 취업희망3국가구분코드, 취업희망1표준직업분류코드, 취업희망2표준직업분류코드, 취업희망3표준직업분류코드, 고용형태구분코드, 검색키워드명세, 최종학력구분코드, 희망연봉구분코드, 지원자현재상태구분코드, 취업희망사업구분코드, 한글이력서유무, 영문이력서유무, 일문이력서유무, 이력서최초등록여부, 이력서등록일시, 이력서변경일시, 학력구분, (경력)근무기간, (경력)직종, (경력)직무내용, 자격증, 공인어학시험, 점수/등급3",한국산업인력공단,월드잡플러스
195,일자리,해외취업,해외취업지원,해외연수과정 ,"구인인증번호, 파견국가구분코드, 파견표준직업분류코드, 모집공고지원자격내용, 모집공고제출서류내용, 모집공고시작일자, 모집공고종료일자, 모집공고전형방법내용, 모집공고문의담당자내용, 합격자발표일자, 모집공고인증일자, 기업회원고유번호, 출결승인요청최근일자, 모집기간내용, 모집공고기본자격내용, 연수시작일자, 연수종료일자, 연수목적내용, 연수대상내용, 총연수시간, 연수장소, 연수과정소개내용, ","
구인인증번호, 파견국가구분코드, 파견표준직업분류코드, 모집공고지원자격내용, 모집공고제출서류내용, 모집공고시작일자, 모집공고종료일자, 모집공고전형방법내용, 모집공고문의담당자내용, 합격자발표일자, 모집공고인증일자, 기업회원고유번호, 출결승인요청최근일자, 모집기간내용, 모집공고기본자격내용, 연수시작일자, 연수종료일자, 연수목적내용, 연수대상내용, 총연수시간, 연수장소, 연수과정소개내용, 연수장소우편번호, 연수장소상세주소, 연수신청마감일시, 연수신청마감사유, 연수모집요강내용, 연수요약내용, 연수지원조건내용, 연수지원방법내용, 연수선발일정내용, 연수담당자성명, 연수과정명, 연수담당자전화번호, 연수담당자이메일, 연수약정시작일자, 연수약정종료일자, 국외연수장소, 연수기관유형구분코드,국외연수시작일자, 연수단가금액, 연수계약인원수, 조정비율, 연수계약금액,연수장소구분코드, 연수지원금액, 연수지급금액계, 연수개인부담금액, 연수계약번호, 연수사업유형구분코드, 연수모집일정내용, 기타비용, 연수비환불규정내용, 취업정보, 기타사항, 모집설명회내용, 선발방법내용, 서류접수내용, 면접일자내용, 면접장소내용, 면접시제출서류, 합격자발표내용, 합격자등록내용, 오리엔테이션내용, 선발시우대사항, 변경사항신고일자, 연수사업지원유형, 국외연수종료일자, 연수과정영문명, 약정쳬결번호, 약정쳬결일시, 약정일시, 약정취업률, 계약사업유형,직무시간,어학시간,기타시간",한국산업인력공단,월드잡플러스
196,일자리,해외취업,해외취업지원,해외연수기관,"연수기관명, 연수기관명(영문), 소속국가, 기관구분, 주소, 기관홈페이지주소, 기관업종, 사원수, 설립연도, 연혁 및 실적, 회사소개, 담당자 직책, 담당자 부서","연수기관명, 연수기관명(영문), 소속국가, 기관구분, 주소, 기관홈페이지주소, 기관업종, 사원수, 설립연도, 연혁 및 실적, 회사소개, 담당자 직책, 담당자 부서",한국산업인력공단,월드잡플러스
197,일자리,해외취업,해외취업지원,해외취업 가이드북,"가이드북고유번호, 가이드북 이름, 가이드북 PDF파일 URL, 가이드북 유형, 가이드북 썸네일 이미지 URL, 가이드북 상세 URL","가이드북고유번호, 가이드북 이름, 가이드북 PDF파일 URL, 가이드북 유형, 가이드북 썸네일 이미지 URL, 가이드북 상세 URL",한국산업인력공단,월드잡플러스
198,일자리,해외취업,해외취업지원,해외취업 설명회,"연도, 제목, 대륙,국가,개최장소,개최주관소재지,개최주관대학,온라인/오프라인여부,주관, 신청시작일자, 신청종료일자, 모집인원, 시행일자, 시행시간, 채용관, 온라인설명회코드, 온라인설명회 메인, 온라인설명회 목차, 온라인설명회 제한진도","연도, 제목, 대륙,국가,개최장소,개최주관소재지,개최주관대학,온라인/오프라인여부,주관, 신청시작일자, 신청종료일자, 모집인원, 시행일자, 시행시간, 채용관, 온라인설명회코드, 온라인설명회 메인, 온라인설명회 목차, 온라인설명회 제한진도",한국산업인력공단,월드잡플러스
199,일자리,해외취업,해외취업지원,해외취업 성장스토리,"제목, 취업국가, 취업직종, 취업처명, 근무기간시작, 근무기간종료, 국내거주여부","제목, 취업국가, 취업직종, 취업처명, 근무기간시작, 근무기간종료, 국내거주여부",한국산업인력공단,월드잡플러스
200,일자리,해외취업,해외취업지원,해외취업 아카데미,"연도, 주관, 신청시작일자, 신청종료일자, 모집인원, 시행일자, 시행시간, 강좌, 강사, 프로그램 내용, 리포트내용, 채용관, 온라인아카데미코드, 온라인아카데미 메인, 온라인아카데미 목차, 온라인설아카데미 제한진도","연도, 주관, 신청시작일자, 신청종료일자, 모집인원, 시행일자, 시행시간, 강좌, 강사, 프로그램 내용, 리포트내용, 채용관, 온라인아카데미코드, 온라인아카데미 메인, 온라인아카데미 목차, 온라인설아카데미 제한진도",한국산업인력공단,월드잡플러스
201,일자리,해외취업,해외취업지원,해외취업 주요국가 ,"국가코드, 국가명, 대륙명, 국가별 면적, 수도, 인구, 민족, 언어, 종교","국가코드, 국가명, 대륙명, 국가별 면적, 수도, 인구, 민족, 언어, 종교",한국산업인력공단,월드잡플러스
202,직업능력개발,국가직무능력,국가직무능력,국가직무능력,"NCS 대분류코드, NCS중분류코드, NCS 소분류코드, NCS세분류코드, 기준년월, 차수,사용여부, NCS 능력단위 코드, 능력단위 개발년도, 능력단위 버전번호, 능력단위 분류코드, 능력단위명, 능력단위 수준, 능력단위 개발기관명","NCS 대분류코드, NCS중분류코드, NCS 소분류코드, NCS세분류코드, 기준년월, 차수,사용여부, NCS 능력단위 코드, 능력단위 개발년도, 능력단위 버전번호, 능력단위 분류코드, 능력단위명, 능력단위 수준, 능력단위 개발기관명",한국산업인력공단,국가직무능력표준(NCS) 시스템
203,직업능력개발,국가직무능력,국가직무능력,국가직무능력 교육훈련,"NCS 능력단위 코드, 훈련목표, 훈련시간, 훈련시설번호, 훈련장비번호, 장비명, 장비단위","NCS 능력단위 코드, 훈련목표, 훈련시간, 훈련시설번호, 훈련장비번호, 장비명, 장비단위",한국산업인력공단,국가직무능력표준(NCS) 시스템
204,직업능력개발,국가직무능력,국가직무능력,국가직무능력,"NCS 대분류코드, NCS중분류코드, NCS 소분류코드, NCS세분류코드, 기준년월, 차수,사용여부, NCS 능력단위 코드, 능력단위 개발년도, 능력단위 버전번호, 능력단위 분류코드, 능력단위명, 능력단위 수준, 능력단위 개발기관명","NCS 대분류코드, NCS중분류코드, NCS 소분류코드, NCS세분류코드, 기준년월, 차수,사용여부, NCS 능력단위 코드, 능력단위 개발년도, 능력단위 버전번호, 능력단위 분류코드, 능력단위명, 능력단위 수준, 능력단위 개발기관명",한국산업인력공단,국가직무능력표준(NCSBANK) 시스템
205,직업능력개발,숙련기술,기능경기대회,기능경기대회,"대회구분, 대회년도, 대회회차, 대회명칭, 대회성격, 개최지","대회구분, 대회년도, 대회회차, 대회명칭, 대회성격, 개최지, 대회시작일, 대회종료일, 참가선수, 원서접수시작일자, 원서접수종료일자, 주최, 주관, 후원, 주요행사, 표준편차점수범위",한국산업인력공단,마이스터넷
206,직업능력개발,숙련기술,숙련기술 지원금,"지원금(계속종사장려금, 전수지원금)","신청 번호, 전수기간, 시작일, 담당자 확인, 실제 종사기간,적격 여부","신청 번호, 전수기간, 시작일, 담당자 확인, 실제 종사기간, 적격 여부, 심사일 지원금 구분 코드, 전수대상구분, 신청일, 승인구분코드, 승인일자, 지급일, 지원여부, 같은분야 종사기간, 다른분야 종사기간, 학생수",한국산업인력공단,마이스터넷
207,직업능력개발,숙련기술,숙련기술인,숙련기술인 ,"숙련기술인 번호, 자격등급, 숙련기술 경력년수, 인적사항, 소속기관명,명장선정년도, 성별, 지역코드","숙련기술인 번호, 자격등급, 숙련기술 경력년수, 소속기관명, 명장선정년도, 성별, 지역코드, 관할지부지사, 은행명, 사진정보, 회원승인일",한국산업인력공단,마이스터넷
208,직업능력개발,자격시험,국가자격,"국가자격 취득자(과정평가, 일학습병행)","과정평가형 자격, 일학습병행 자격, 수료자 인적사항, 취득능력단위, 과정정보, 수료 이력, 수료증","과정 총괄심사표, 외부평가 및 내부평가 이력, 자격통계, 내부외부평가결과, 자격수료자 인적사항, 취득능력단위, 과정정보, 수료 이력, 수료증, 과정지정평가 서류심사 현장심사, 자격증관리번호, 자격증 신청 발급 파기, 외부평가 채점결과",한국산업인력공단,CQ-Net시스템
209,직업능력개발,자격시험,국가자격,"국가자격 취득자(국가,기술)","자격증번호, 자격취득종목, 취득자 인적사항, 자격증관리번호","자격증번호, 자격취득종목, 주민등록번호, 성명, 자격증관리번호, 자격취득일자, 주소, 자격증교부일자,  자격교부지사, 자격취득기관, 행정처분구분",한국산업인력공단,Q-Net시스템
210,직업능력개발,자격시험,기술자격,과정평가형 능력단위,"신자격NCS차수, NCS대분류코드, NCS중분류코드, NCS소분류코드, NCS세분류코드, NCS능력단위코드, NCS능력단위코드이름, NCS능력단위수준, NCS분류코드, NCS차수","신자격NCS차수, NCS대분류코드, NCS중분류코드, NCS소분류코드, NCS세분류코드, NCS능력단위코드, NCS능력단위코드이름, NCS능력단위수준, NCS분류코드, NCS차수, 적정보유문제개수, 비고내용, 등급구분",한국산업인력공단,출제정보시스템
211,직업능력개발,자격시험,기술자격,과정평가형 종목,"신자격NCS차수, 종목코드, 종목명, NCS대분류코드, NCS차수, 시험시간, 시험문제개수,시험과목이름, 검정구분","신자격NCS차수, 종목코드, 종목명, NCS대분류코드, NCS차수, 시험시간, 시험문제개수,시험과목이름, 검정구분, 시험유의사항템플릿일련번호, 복수교시여부, 종목과목분류동일여부, 시험시작개봉여부, 시험종료개봉여부, 중앙채점여부, 시험중개봉여부, 종목등록사유내용, 실기여부, 용지코드, 시험시간면접",한국산업인력공단,출제정보시스템
212,직업능력개발,자격시험,기술자격,기술자격 과목,"과목코드, 과목명, 사용여부,사용자과목코드, 등급구분","과목코드, 과목명, 사용여부,사용자과목코드, 일몰제시작일자, 일몰제종료일자, 등급구분, 답보기개수, 적정보유문제개수",한국산업인력공단,출제정보시스템
213,직업능력개발,자격시험,기술자격,기술자격 종목 ,"종목코드, 종목명, 등급구분, 분야구분, 검정구분, 상시여부, 시험시간, 시험문제개수","종목코드, 종목명, 등급구분, 분야구분, 검정구분, 상시여부, 시험시간, 시험문제개수, 시험유의사항번호, 채점유의사항번호, 복수교시여부, 종목과목분류동일여부, 중앙채점여부, 시험과목, 시험시작개봉여부, 시험종료개봉여부 연습란출력여부, 시험중개봉여부, 공통여부 ",한국산업인력공단,출제정보시스템
214,직업능력개발,자격시험,전문자격,전문자격,"자격번호, 자격코드, 공단자격코드, 자격명, 분야사용여부, 시험차수동시여부, 출제방식구분, 난이도단계구분","자격번호, 자격코드, 공단자격코드, 자격명, 분야사용여부, 시험차수동시여부, 출제방식구분, 난이도단계구분, 유효기간기준구분, 문제유효기간월, 유효기간초과문제처리구분, 시험지선택과목전체여부, 선정제한기한일, 용지크기구분, 문제관리방식구분, 분류체게문제섞기여부",한국산업인력공단,출제정보시스템
215,직업능력개발,자격시험,전문자격,전문자격 과목,"과목번호, 과목코드, 공단과목코드, 법령과목명, 시행과목명, 난이도단계구분, 필수과목여부, 공통과목여부, 복합과목여부, 시험문제개수, 문제유효기간월","과목번호, 과목코드, 공단과목코드, 법령과목명, 시행과목명, 난이도단계구분, 필수과목여부, 공통과목여부, 복합과목여부, 시험문제개수, 문제유효기간월",한국산업인력공단,출제정보시스템
216,직업능력개발,자격시험,전문자격,전문자격 의뢰,"의뢰ID, 위원번호, 출제의뢰ID, 과목번호, 역할구분, 출제방식구분, 의뢰문제수","의뢰ID, 위원번호, 출제의뢰ID, 과목번호, 역할구분, 의뢰시작년월일, 의뢰종료년월일, 출제방식구분, 의뢰문제수, 의뢰결과특이사항, 수당지급ID, 출제완료여부, 출제카드여부",한국산업인력공단,출제정보시스템
217,직업능력개발,직업.진로,직업심리검사,직업심리검사 정보,"심리검사번호, 피검사자번호, 심리검사코드, 검사일자, 심리검사매체코드, 상담원주민등록번호, 심리검사처리결과코드, 성실성척도레벨, 정서적불안정성척도레벨, 자존검척도레벨, 연령대척도레벨, 교육레벨, 검사그룹명","심리검사번호, 피검사자번호, 심리검사코드, 검사일자, 심리검사매체코드, 검사저장페이지, 심리검사기관코드, 피검기관ID, 법무부기관코드, 검사시작시각, 피검사기관하위그룹코드, 상담담당기관코드, 상담원주민등록번호, 심리검사처리결과코드, 성실성척도레벨, 정서적불안정성척도레벨, 자존검척도레벨, 연령대척도레벨, 교육레벨, 검사그룹명",한국고용정보원,워크넷시스템
218,직업능력개발,직업.진로,직업심리검사,직업심리검사 피검사자,"피검사자번호, 회원여부, 주민등록번호, 피검사자명, 성별코드, 회원번호, 생년월일, 회원ID, 이메일, 학과코드, 검사결과(비정형), 학번, 군종, 계급","피검사자번호, 회원여부, 주민등록번호, 피검사자명, 성별코드, 회원번호, 생년월일, 회원ID, 이메일, 학과코드, 검사결과(비정형), 학번, 군종, 계급",한국고용정보원,워크넷시스템
219,직업능력개발,직업.진로,직업진로,학과정보,"KNOW계열ID, KNOW세부학과명, 학과소개, 적성 및 흥미(비정형), 관련학과(비정형), 교과목(비정형), 취득자격면허(비정형)), 개설대학(비정형), 모집현황(비정형), 진출가능, 직업(비정형)","KNOW계열ID, KNOW세부학과명, 요약보기(비정형), 학과소개(개요(비정형), 적성, 및, 흥미(비정형), 관련학과(비정형), 교과목(비정형), 취득자격면허(비정형)), 개설대학(비정형), 모집현황(비정형), 진출가능, 직업(비정형)",한국고용정보원,워크넷시스템
220,직업능력개발,직업.진로,직업진로,한국직업전망,"직업코드, 직업명, 직업영문명, 코드레벨코드, 하는일(비정형), 근무환경(비정형), 되는길(비정형), 관련학과(비정형), 관련자격(비정형), 경력개발(비정형), 일자리전망(비정형), 관련직업(비정형), 분류코드, 관련, 정보처(비정형)","직업코드, 직업명, 직업영문명, 코드레벨코드, 하는일(비정형), 근무환경(비정형), 되는길(비정형), 관련학과(비정형), 관련자격(비정형), 적성, 및, 흥미(비정형), 경력개발(비정형), 일자리전망(비정형), 관련직업(비정형), 분류코드, 관련, 정보처(비정형)",한국고용정보원,워크넷시스템
221,직업능력개발,직업.진로,직업진로지도,직업진로지도,"주민등록번호, 성명, 신청일자, 참가자구분, 주소, 프로그램유형, 프로그램명, 연락처, 학력, 운영방식, 운영기간, 수료여부, 취업구분, 취업형태","주민등록번호, 성명, 신청일자, 참가자구분, 주소, 비대면학습동의여부, 프로그램유형, 프로그램명, 연락처, 학력, 운영방식, 운영기간, 수료여부, 수료/미수료일자, 취업구분, 취업형태, 취업/창업일자, 이메일",한국고용정보원,고용24(고용행정통합포털)
222,직업능력개발,직업.진로,직업진로지도,진로개발 교육,"구직 및 재직유형, 최종학력, 온라인 교육 과정, 집합교육 과정, 화상교육 과정, 수강이력, 수료이력, 커리어인포","구직 및 재직유형, 최종학력, 온라인 교육 목록, 집합교육 목록, 화상교육 목록, 수강이력, 수료이력, 커리어인포",한국고용정보원,사이버진로교육센터
223,직업능력개발,직업.진로,직업진로,"한국직업사전, 
한국직업정보","직업사전대, 중, 소, 세, 세세분류코드, 세세분류직업명, 직무개요, 수행직무, 산업분류코드, 부가직업정보, KNOW직업분류코드, KNOW직업분류명, KNOW직업코드, KNOW직업명, 녹색직업분류코드, 직무개요(비정형), 수행직무(비정형), 관련직업ㅁ(비정형), 필요 기술 및 지식(비정형), 학력분포(비정형), 전공학과분포(비정형), 임금(비정형), 일자리 현황(비정형)","직업사전대분류코드, 중분류코드, 소분류코드, 세분류코드, 세세분류코드, 세세분류직업명, 직무개요, 수행직무, 산업분류코드, 부가직업정보(정규교육, 구분코드, 숙련기간코드, 직무기능구분코드, 작업강도코드, 작업장소코드, 조사연도, 육체활동코드, 작업환경코드, 유사명칭, 멀티텍스트, 관련직업(비정형), 자격/면허(비정형), 고용직업분류(비정형), 표준직업분류(비정형), 표준산업분류(비정형), 비고(비정형)), KNOW직업분류코드, KNOW직업분류명, KNOW직업코드, KNOW직업명, 녹색직업분류코드, 직무개요(비정형), 수행직무(비정형), 관련직업(비정형), 필요 기술 및 지식(비정형), 학력분포(비정형), 전공학과분포(비정형), 임금(비정형), 직업만족도(비정형), 전문가가 분석한 일자리 전망(비정형), 재직자가 생각하는 일자리 전망(비정형), 일자리 현황(비정형), 업무수행능력 중요도(비정형), 업무수행능력 수준(비정형), 지식 중요도(비정형), 지식 수준(비정형), 업무환경 중요도(비정형), 성격 중요도(비정형), 흥미 중요도(비정형), 가치관 중요도(비정형), 업무활동 중요도(비정형), 업무활동 수준(비정형), 전직가능직업(비정형)",한국고용정보원,임금직업포털
224,직업능력개발,직업.진로,직업진로,한국직업전망,"직업코드, 직업명, 직업영문명, 코드레벨코드, 하는일(비정형), 근무환경(비정형), 되는길(비정형), 관련학과(비정형), 관련자격(비정형), 경력개발(비정형), 일자리전망(비정형), 관련직업(비정형), 분류코드, 관련, 정보처(비정형)","직업코드, 직업명, 직업영문명, 코드레벨코드, 하는일(비정형), 근무환경(비정형), 되는길(비정형), 관련학과(비정형), 관련자격(비정형), 적성, 및, 흥미(비정형), 경력개발(비정형), 일자리전망(비정형), 관련직업(비정형), 분류코드, 관련, 정보처(비정형)",한국고용정보원,임금직업포털
225,직업능력개발,직업능력개발훈련,원격훈련,원격훈련 과정,"훈련기관PK, 과정PK, 과정명, 총교육시간, 우편과정여부, 과정인정코드","훈련기관PK, 과정PK, 과정명, 총교육시간, 우편과정여부, 과정인정코드, 변경상태,  등록일시, 일련번호, 과정유효여부",한국산업인력공단,원격훈련모니터링시스템
226,직업능력개발,직업능력개발훈련,원격훈련,원격훈련 훈련생,"훈련기관PK, 회원PK, 회원이름, 생년월일, 수강자 소속, 비용수급사업장","훈련기관PK, 회원PK, 회원이름, 생년월일, 수강자 소속, 비용수급사업장, 등록일시, 우편번호, 변경상태 일련번호, 이메일, 핸드폰번호, 연락처, 훈련생구분, 비정규직구분",한국산업인력공단,원격훈련모니터링시스템
227,직업능력개발,직업능력개발훈련,일학습병행,일학습병행 회원,"일학습병행 훈련과정개발·인정 관련 업무, 개인회원정보, 기업회원정보, 개발위탁기관회원정보","일학습병행 훈련과정개발·인정 관련 업무, 개인회원정보, 기업회원정보, 개발위탁기관회원정보",한국산업인력공단,PDMS 정보시스템
228,직업능력개발,직업능력개발훈련,일학습병행,일학습병행 훈련과정,"기업참여신청, 공동훈련센터참여신청, 개발신청, 종목, 개발진, 훈련실시장소, 교·강사, 훈련능력단위, 훈련시설, 훈련장비, 교과목, 평가문제, 훈련운영일정, 내부평가계획, 훈련관리계획","기업참여신청, 공동훈련센터참여신청, 개발신청, 종목, 개발진, 훈련실시장소, 교·강사, 훈련능력단위, 훈련시설, 훈련장비, 교과목, 평가문제, 훈련운영일정, 내부평가계획, 훈련관리계획, 기업개요, 개발개요, 훈련목표, 학습활동정보, 표준훈련과정 종목",한국산업인력공단,PDMS 정보시스템
229,직업능력개발,직업능력개발훈련,훈련정보,국민내일배움카드,"암호화카드번호, 카드유효기간, 지원유형, 한도금액, 사용금액, 카드사용제한 구분, 카드신청자ID","암호화카드번호, 카드유효기간, 지원유형, 한도금액, 사용금액, 카드사용제한 구분, 카드신청자ID, 카드발급일, 발급구분, 신청방법, 카드구분, 수령방법, 신청자 영문명, 지원제외대상예외구분, 발급관서, 발급처리상태 ,고용형태,  패널티금액",한국고용정보원,HRD-Net
230,직업능력개발,직업능력개발훈련,훈련정보,훈련과정,"훈련과정ID, 훈련과정회차, 훈련과정구분, 주요훈련과정구분, 훈련과정시작일자, 훈련과정종료일자, 훈련실시상태코드, 훈련과정관할센터, 담당자명, 담당자전화번호, 훈련기관구분, 훈련방법코드, 출석체크방법코드, 통합심사과정 여부, 훈련직종코드, KECO코드, NCS여부, NCS코드, 훈련지역코드, NCS편성비율구분","훈련과정ID, 훈련과정회차, 훈련과정구분, 주요훈련과정구분, 훈련과정시작일자, 훈련과정종료일자, 훈련실시상태코드, 훈련과정관할센터, 담당자명, 담당자전화번호, 훈련기관구분, 훈련방법코드, 출석체크방법코드, 통합심사과정 여부, 훈련직종코드, KECO코드, NCS여부, NCS코드, 훈련지역코드, NCS편성비율구분, 총훈련일수, 총훈련시간, 총훈련월수, 총정원수, 총훈련생수, 총훈련비용, 정부지원금액, 자비부담금액, 실시장소관할센터, 담당자휴대전화번호, 담당자팩스번호, 담당자이메일",한국고용정보원,HRD-Net
231,직업능력개발,직업능력개발훈련,훈련정보,훈련교강사,"강사 인적사항, 학력, 전공","주민등록번호, 고객명, 생년월일, 성별코드, 등록훈련기관ID, 연락처, 학력, 전공, 인증일자, 주소, 이메일",한국고용정보원,HRD-Net
232,직업능력개발,직업능력개발훈련,훈련정보,훈련기관,"훈련기관명, 훈련기관번호, 본원분원구분, 훈련기관관할센터","훈련기관명, 훈련기관번호, 본원분원구분, 훈련기관관할센터, 훈련기관 인증 등급, 사업자등록번호, 법인등록번호, 주강의실명, 강의실면적내용, 고용보험미가입여부, 고용보험미가입사유, 설립일자, 기업소개내용, 직업능력개발훈련법인시설지정일자, 대지면적내용",한국고용정보원,HRD-Net
233,직업능력개발,직업능력개발훈련,훈련정보,훈련생,"훈련생 인적사항, 수강신청방법코드, 수강등록일, 훈련과정ID, 훈련과정회차, 훈련생상태코드, 훈련생구분, 취업구분","주민등록번호, 훈련생명, 생년월일, 성별코드, 연락처, 수강신청방법코드, 수강등록일, 훈련과정ID, 훈련과정회차, 훈련생상태코드, 훈련생구분, 취업구분, 소속사업장대규모기업구분, 소속사업자등록번호, 지원제외예외대상구분코드, 학력상태코드, 고용형태코드, 지원유형코드, 학력코드, 학력구분코드, 수료일자, 중도탈락수강포기일자, 중도탈락수강포기사유, 취업사업장고객ID, 고용보험직종코드, 고용보험업종코드, 고용보험신고일자, 미가입취업사업장사업자등록번호, 미가입취업사업장규모구분, 미가입취업사업장취업일자, 취업근무처명, 취업근무처전화번호, 취업NCS코드, 미가입취업창업구분, 취업훈련직종분류, 취업여부, 취업KECO코드, 외국인여부, 카드유형코드, 카드발급관할센터, 카드신청방법구분, 카드발급신청일자, 카드발급구분, 제휴금융사구분, 카드구분, 카드수령방법코드, 신청자카드영문명, 고용위기지역코드, 특별고용지원업종, 취업성공패키지유형구분코드, 취업근무처주소, 일용근로자취업여부",한국고용정보원,HRD-Net
234,직업능력개발,직업능력개발훈련,훈련정보,훈련참여기업,"사업장명, 사업장상태코드, 업종코드, 상시근로자수, 대규모기업 구분","고용보험관리번호, 사업자등록번호, 사업장명, 사업장상태코드, 업종코드, 업종차수, 성립일자, 소멸일자, 상시근로자수, 대규모기업 구분, 법인등록번호, 설립일자, 주요사업내용",한국고용정보원,HRD-Net
235,직업능력개발,직업능력개발훈련,훈련정보,학생,"학번, 권역대학, 캠퍼스, 과정구분, 과정차수, 학과, 전공/직종, 주야구분 , 학과명, 전공직종명, 학년, 학적상태구분, 한글성명, 주민등록번호,  성별구분, 전화번호, 이메일, 우편번호, 주소","학번, 권역대학, 캠퍼스, 과정구분, 과정차수, 학과, 전공/직종, 주야구분 , 학과명, 전공직종명, 학년, 학적상태구분, 한글성명, 주민등록번호,  성별구분, 전화번호, 이메일, 우편번호, 주소, 소그룹반, 한자성명, 영문성명, 생년월일, 군필구분, 외국인여부, 학적변동구분, 학적변동세부구분, 학적변동일자, 입학일자, 입학구분, 진급년도, 졸업구분, 졸업학점, 졸업학년, 고교위탁생여부, 과정평가학생여부, 입학학기구분, 수시입학여부",학교법인한국폴리텍,종합정보시스템
236,직업능력개발,직업능력개발훈련,훈련정보,교육훈련장비,"자산관리번호, 소유자, 품목명, 규격명, 모델명, 교육훈련장비여부, 소프트웨어여부, 캠퍼스, 사용부서, 설치호실, 취득일자, 취득금액","자산관리번호, 소유자, 품목명, 규격명, 모델명, 교육훈련장비여부, 소프트웨어여부, 캠퍼스, 사용부서, 설치호실, 취득일자, 취득금액, 수리일자, 수리요청내용, 수리결과내용, 수리금액, 수리업체명, 검사일자, 검사자, 변동구분, 변동일자, 변동전(캠퍼스, 소유자, 사용부서, 담당자, 설치호실), 변동후(캠퍼스, 소유자, 사용부서, 담당자, 설치호실), 불용확정일자",학교법인한국폴리텍,종합정보시스템
237,직업능력개발,직업능력개발훈련,훈련정보,교육훈련과정,"연도, 대학, 캠퍼스, 과정구분, 학과, 전공/직종, 기간, 단위수, 대상인원수, 학급수","연도, 대학, 캠퍼스, 과정구분, 학과, 전공/직종, 기간, 단위수, 대상인원수, 학급수, 전문기술혼합여부, 변경구분, 계열구분, 산업분류구분, 국정과제구분, 미래성장동력학과여부, 자율전공계열구분, 대표여부",학교법인한국폴리텍,종합정보시스템
238,직업능력개발,직업능력개발훈련,훈련정보,교과목,"강좌번호, 캠퍼스, 과정구분, 과정차수, 연도, 학기, 학과, 전공/직종, 학년, 주야구분, 교과목코드","강좌번호, 캠퍼스, 과정구분, 과정차수, 연도, 학기, 학과, 전공/직종, 학년, 주야구분, 교과목코드, 이수구분, 시수학점, 수강제한인원수, 상대평가여부, 시수포함여부, 강의평가대상여부, 사이버교육과정여부, 이러닝혼합강의여부, NCS교과목여부, 선수교과목여부, 이론시간수, 실습시간수, 강좌이론실습구분, 중간점수비율, 기말점수비율, 출석점수비율, 평소점수비율, 총점수, 성적부여방법구분, 성적부여단위구분, 평점반영여부, 융합전공교과여부",학교법인한국폴리텍,종합정보시스템
239,직업능력개발,직업능력개발훈련,온라인훈련정보,온라인평생교육원(Step) 직업훈련과정,"훈련기관명, 훈련과정명, 훈련과정카테고리, 훈련분류, 훈련기간, 훈련과정 정보","훈련기관명, 훈련과정명, 훈련과정카테고리, 훈련분류, 훈련기간, 훈련과정내용, 총 훈련시간",한국기술교육대학교,스마트 직업훈련 플랫폼(STEP)
240,직업능력개발,직업능력개발훈련,직업훈련교사,직업훈련 교사,"교사 인적사항, 자격분야, 훈련교사직종, 자격등급, 자격기준, 발급구분","아이디, 이름, 주민등록번호, 성별, 휴대전화, 이메일, 주소, 우편번호, 자격분야, 훈련교사직종, 자격등급, 자격기준, 발급구분, 신청일",한국기술교육대학교,능력개발교육원 대표 홈페이지
241,직업능력개발,직업능력개발훈련,직업훈련교사,직업훈련교사 교육과정,"과정명, 과정유형, 교육방법, 교육수준, 교육기간, 교육장소, 접수기간, 교육기간, 교육시간, NCS자격직종, NCS분야코드, 분반정보, 교육내용, 교육목표, 수료기준점수","과정명, 과정유형, 교육방법, 교육수준, 교육기간, 교육장소, 접수기간, 교육기간, 교육시간, NCS자격직종, NCS분야코드, 분반정보, 교육내용, 교육목표, 수료기준점수, 개설여부",한국기술교육대학교,능력개발교육원 대표 홈페이지
242,직업능력개발,직업능력개발훈련,직업훈련교사,직업훈련교사 교육생,"아이디, 이름, 주민등록번호, 성별, 휴대전화, 이메일, 우편번호, 주소, 소속기관, 유형, 생년월일, 훈련교사취득여부, NCS확인강사, 승인여부, 직장명","아이디, 이름, 주민등록번호, 성별, 휴대전화, 이메일, 우편번호, 주소, 소속기관, 유형, 생년월일, 훈련교사취득여부, NCS확인강사, 승인여부, 직장명, 부서, 직위, 직장, 전화번호, 직장, 주소",한국기술교육대학교,능력개발교육원 대표 홈페이지
243,직업능력개발,직업능력개발훈련,건설근로자 훈련정보,건설근로자 교육훈련정보,"성명, 주민등록번호, 주소, 휴대폰번호, 계좌번호, 건설업 경력정보, 취득자격증 현황, 출결현황, 전자카드발급여부, 회원아이디, 구직등록여부, 훈련정보(훈련기관명, 훈련과정명)","성명, 주민등록번호, 주소, 휴대폰번호, 계좌번호, 건설업 경력정보, 취득자격증 현황, 출결현황, 전자카드발급여부, 회원아이디, 구직등록여부, 훈련정보(훈련기관명, 훈련과정명)",건설근로자공제회,건설e음
244,직업능력개발,직업능력개발훈련,교육훈련정보,교육원 교육과정,"과정코드, 과정명, 과정분류코드, 사업구분코드, 교육기간코드, 과정유형코드, 교육시간, 교육인원, 교육대상, 교육목표, 수료점수, 교육가격, 교육팀","과정코드, 과정명, 과정분류코드, 사업구분코드, 교육기간코드, 과정유형코드, 교육시간, 교육인원, 교육대상, 교육목표, 수료점수, 교육가격, 교육팀",한국고용노동교육원,교육운영시스템
245,직업능력개발,직업능력개발훈련,능력개발포털,능력개발포털 회원,"능력개발포털(HRD4U) 개인회원정보, 기업회원정보, 전문가인력풀 정보","(개인) ID, 성명, 생년월일, 휴대폰번호, 이메일 / (기업) 기업명, 사업자등록번호, 고용보험관리번호 / (인력풀) 소속, 주소, 활동분야, 경력, 학력",한국산업인력공단,HRD4U 정보시스템
246,직업능력개발,직업능력개발훈련,능력개발전담주치의,컨설팅 정보,"컨설팅 대상 기업정보, 컨설팅 정보, 개발 과목 정보","기업명, 고용보험관리번호, 주소, 기업담당자 연락처, 직무분류, 컨설팅 훈련과정명, 훈련시간, 훈련근로자수, NCS분류",한국산업인력공단,HRD4U 정보시스템
